"date","value","topic","variable_short","variable_long","location","unit","source","update","public","description"
2020-01-03,10699.82,"Wirtschaft","smi_index","Indexwert SMI","CH","Index-Punkte","yahoo finance","täglich","ja","https://github.com/statistikZH/covid19monitoring_economy_SMI"
2020-01-06,10665.41,"Wirtschaft","smi_index","Indexwert SMI","CH","Index-Punkte","yahoo finance","täglich","ja","https://github.com/statistikZH/covid19monitoring_economy_SMI"
2020-01-07,10683.67,"Wirtschaft","smi_index","Indexwert SMI","CH","Index-Punkte","yahoo finance","täglich","ja","https://github.com/statistikZH/covid19monitoring_economy_SMI"
2020-01-08,10652.16,"Wirtschaft","smi_index","Indexwert SMI","CH","Index-Punkte","yahoo finance","täglich","ja","https://github.com/statistikZH/covid19monitoring_economy_SMI"
2020-01-09,10650.97,"Wirtschaft","smi_index","Indexwert SMI","CH","Index-Punkte","yahoo finance","täglich","ja","https://github.com/statistikZH/covid19monitoring_economy_SMI"
2020-01-10,10639.49,"Wirtschaft","smi_index","Indexwert SMI","CH","Index-Punkte","yahoo finance","täglich","ja","https://github.com/statistikZH/covid19monitoring_economy_SMI"
2020-01-13,10622.41,"Wirtschaft","smi_index","Indexwert SMI","CH","Index-Punkte","yahoo finance","täglich","ja","https://github.com/statistikZH/covid19monitoring_economy_SMI"
2020-01-14,10655.82,"Wirtschaft","smi_index","Indexwert SMI","CH","Index-Punkte","yahoo finance","täglich","ja","https://github.com/statistikZH/covid19monitoring_economy_SMI"
2020-01-15,10670.74,"Wirtschaft","smi_index","Indexwert SMI","CH","Index-Punkte","yahoo finance","täglich","ja","https://github.com/statistikZH/covid19monitoring_economy_SMI"
2020-01-16,10693.52,"Wirtschaft","smi_index","Indexwert SMI","CH","Index-Punkte","yahoo finance","täglich","ja","https://github.com/statistikZH/covid19monitoring_economy_SMI"
2020-01-17,10841.82,"Wirtschaft","smi_index","Indexwert SMI","CH","Index-Punkte","yahoo finance","täglich","ja","https://github.com/statistikZH/covid19monitoring_economy_SMI"
2020-01-20,10846.29,"Wirtschaft","smi_index","Indexwert SMI","CH","Index-Punkte","yahoo finance","täglich","ja","https://github.com/statistikZH/covid19monitoring_economy_SMI"
2020-01-21,10884.51,"Wirtschaft","smi_index","Indexwert SMI","CH","Index-Punkte","yahoo finance","täglich","ja","https://github.com/statistikZH/covid19monitoring_economy_SMI"
2020-01-22,10895.07,"Wirtschaft","smi_index","Indexwert SMI","CH","Index-Punkte","yahoo finance","täglich","ja","https://github.com/statistikZH/covid19monitoring_economy_SMI"
2020-01-23,10813.94,"Wirtschaft","smi_index","Indexwert SMI","CH","Index-Punkte","yahoo finance","täglich","ja","https://github.com/statistikZH/covid19monitoring_economy_SMI"
2020-01-24,10849.75,"Wirtschaft","smi_index","Indexwert SMI","CH","Index-Punkte","yahoo finance","täglich","ja","https://github.com/statistikZH/covid19monitoring_economy_SMI"
2020-01-27,10675.96,"Wirtschaft","smi_index","Indexwert SMI","CH","Index-Punkte","yahoo finance","täglich","ja","https://github.com/statistikZH/covid19monitoring_economy_SMI"
2020-01-28,10781.98,"Wirtschaft","smi_index","Indexwert SMI","CH","Index-Punkte","yahoo finance","täglich","ja","https://github.com/statistikZH/covid19monitoring_economy_SMI"
2020-01-29,10859.88,"Wirtschaft","smi_index","Indexwert SMI","CH","Index-Punkte","yahoo finance","täglich","ja","https://github.com/statistikZH/covid19monitoring_economy_SMI"
2020-01-30,10748.92,"Wirtschaft","smi_index","Indexwert SMI","CH","Index-Punkte","yahoo finance","täglich","ja","https://github.com/statistikZH/covid19monitoring_economy_SMI"
2020-01-31,10627.88,"Wirtschaft","smi_index","Indexwert SMI","CH","Index-Punkte","yahoo finance","täglich","ja","https://github.com/statistikZH/covid19monitoring_economy_SMI"
2020-02-03,10664.95,"Wirtschaft","smi_index","Indexwert SMI","CH","Index-Punkte","yahoo finance","täglich","ja","https://github.com/statistikZH/covid19monitoring_economy_SMI"
2020-02-04,10800.64,"Wirtschaft","smi_index","Indexwert SMI","CH","Index-Punkte","yahoo finance","täglich","ja","https://github.com/statistikZH/covid19monitoring_economy_SMI"
2020-02-05,10994.15,"Wirtschaft","smi_index","Indexwert SMI","CH","Index-Punkte","yahoo finance","täglich","ja","https://github.com/statistikZH/covid19monitoring_economy_SMI"
2020-02-06,11012.36,"Wirtschaft","smi_index","Indexwert SMI","CH","Index-Punkte","yahoo finance","täglich","ja","https://github.com/statistikZH/covid19monitoring_economy_SMI"
2020-02-07,11001.53,"Wirtschaft","smi_index","Indexwert SMI","CH","Index-Punkte","yahoo finance","täglich","ja","https://github.com/statistikZH/covid19monitoring_economy_SMI"
2020-02-10,11039.78,"Wirtschaft","smi_index","Indexwert SMI","CH","Index-Punkte","yahoo finance","täglich","ja","https://github.com/statistikZH/covid19monitoring_economy_SMI"
2020-02-11,11101.17,"Wirtschaft","smi_index","Indexwert SMI","CH","Index-Punkte","yahoo finance","täglich","ja","https://github.com/statistikZH/covid19monitoring_economy_SMI"
2020-02-12,11089.24,"Wirtschaft","smi_index","Indexwert SMI","CH","Index-Punkte","yahoo finance","täglich","ja","https://github.com/statistikZH/covid19monitoring_economy_SMI"
2020-02-13,11092.35,"Wirtschaft","smi_index","Indexwert SMI","CH","Index-Punkte","yahoo finance","täglich","ja","https://github.com/statistikZH/covid19monitoring_economy_SMI"
2020-02-14,11128.81,"Wirtschaft","smi_index","Indexwert SMI","CH","Index-Punkte","yahoo finance","täglich","ja","https://github.com/statistikZH/covid19monitoring_economy_SMI"
2020-02-17,11168.45,"Wirtschaft","smi_index","Indexwert SMI","CH","Index-Punkte","yahoo finance","täglich","ja","https://github.com/statistikZH/covid19monitoring_economy_SMI"
2020-02-18,11146.28,"Wirtschaft","smi_index","Indexwert SMI","CH","Index-Punkte","yahoo finance","täglich","ja","https://github.com/statistikZH/covid19monitoring_economy_SMI"
2020-02-19,11263.01,"Wirtschaft","smi_index","Indexwert SMI","CH","Index-Punkte","yahoo finance","täglich","ja","https://github.com/statistikZH/covid19monitoring_economy_SMI"
2020-02-20,11154.53,"Wirtschaft","smi_index","Indexwert SMI","CH","Index-Punkte","yahoo finance","täglich","ja","https://github.com/statistikZH/covid19monitoring_economy_SMI"
2020-02-21,11110.78,"Wirtschaft","smi_index","Indexwert SMI","CH","Index-Punkte","yahoo finance","täglich","ja","https://github.com/statistikZH/covid19monitoring_economy_SMI"
2020-02-24,10712.84,"Wirtschaft","smi_index","Indexwert SMI","CH","Index-Punkte","yahoo finance","täglich","ja","https://github.com/statistikZH/covid19monitoring_economy_SMI"
2020-02-25,10478.51,"Wirtschaft","smi_index","Indexwert SMI","CH","Index-Punkte","yahoo finance","täglich","ja","https://github.com/statistikZH/covid19monitoring_economy_SMI"
2020-02-26,10512.15,"Wirtschaft","smi_index","Indexwert SMI","CH","Index-Punkte","yahoo finance","täglich","ja","https://github.com/statistikZH/covid19monitoring_economy_SMI"
2020-02-27,10205.46,"Wirtschaft","smi_index","Indexwert SMI","CH","Index-Punkte","yahoo finance","täglich","ja","https://github.com/statistikZH/covid19monitoring_economy_SMI"
2020-02-28,9831.03,"Wirtschaft","smi_index","Indexwert SMI","CH","Index-Punkte","yahoo finance","täglich","ja","https://github.com/statistikZH/covid19monitoring_economy_SMI"
2020-03-02,9950.83,"Wirtschaft","smi_index","Indexwert SMI","CH","Index-Punkte","yahoo finance","täglich","ja","https://github.com/statistikZH/covid19monitoring_economy_SMI"
2020-03-03,10087.4,"Wirtschaft","smi_index","Indexwert SMI","CH","Index-Punkte","yahoo finance","täglich","ja","https://github.com/statistikZH/covid19monitoring_economy_SMI"
2020-03-04,10251.39,"Wirtschaft","smi_index","Indexwert SMI","CH","Index-Punkte","yahoo finance","täglich","ja","https://github.com/statistikZH/covid19monitoring_economy_SMI"
2020-03-05,10143.57,"Wirtschaft","smi_index","Indexwert SMI","CH","Index-Punkte","yahoo finance","täglich","ja","https://github.com/statistikZH/covid19monitoring_economy_SMI"
2020-03-06,9736.82,"Wirtschaft","smi_index","Indexwert SMI","CH","Index-Punkte","yahoo finance","täglich","ja","https://github.com/statistikZH/covid19monitoring_economy_SMI"
2020-03-09,9196.6,"Wirtschaft","smi_index","Indexwert SMI","CH","Index-Punkte","yahoo finance","täglich","ja","https://github.com/statistikZH/covid19monitoring_economy_SMI"
2020-03-10,9195.93,"Wirtschaft","smi_index","Indexwert SMI","CH","Index-Punkte","yahoo finance","täglich","ja","https://github.com/statistikZH/covid19monitoring_economy_SMI"
2020-03-11,9152.5,"Wirtschaft","smi_index","Indexwert SMI","CH","Index-Punkte","yahoo finance","täglich","ja","https://github.com/statistikZH/covid19monitoring_economy_SMI"
2020-03-12,8270.44,"Wirtschaft","smi_index","Indexwert SMI","CH","Index-Punkte","yahoo finance","täglich","ja","https://github.com/statistikZH/covid19monitoring_economy_SMI"
2020-03-13,8367.56,"Wirtschaft","smi_index","Indexwert SMI","CH","Index-Punkte","yahoo finance","täglich","ja","https://github.com/statistikZH/covid19monitoring_economy_SMI"
2020-03-16,8227.08,"Wirtschaft","smi_index","Indexwert SMI","CH","Index-Punkte","yahoo finance","täglich","ja","https://github.com/statistikZH/covid19monitoring_economy_SMI"
2020-03-17,8493.04,"Wirtschaft","smi_index","Indexwert SMI","CH","Index-Punkte","yahoo finance","täglich","ja","https://github.com/statistikZH/covid19monitoring_economy_SMI"
2020-03-18,8338.74,"Wirtschaft","smi_index","Indexwert SMI","CH","Index-Punkte","yahoo finance","täglich","ja","https://github.com/statistikZH/covid19monitoring_economy_SMI"
2020-03-19,8782.24,"Wirtschaft","smi_index","Indexwert SMI","CH","Index-Punkte","yahoo finance","täglich","ja","https://github.com/statistikZH/covid19monitoring_economy_SMI"
2020-03-20,8623.86,"Wirtschaft","smi_index","Indexwert SMI","CH","Index-Punkte","yahoo finance","täglich","ja","https://github.com/statistikZH/covid19monitoring_economy_SMI"
2020-03-23,8160.79,"Wirtschaft","smi_index","Indexwert SMI","CH","Index-Punkte","yahoo finance","täglich","ja","https://github.com/statistikZH/covid19monitoring_economy_SMI"
2020-03-24,8733.32,"Wirtschaft","smi_index","Indexwert SMI","CH","Index-Punkte","yahoo finance","täglich","ja","https://github.com/statistikZH/covid19monitoring_economy_SMI"
2020-03-25,8989.16,"Wirtschaft","smi_index","Indexwert SMI","CH","Index-Punkte","yahoo finance","täglich","ja","https://github.com/statistikZH/covid19monitoring_economy_SMI"
2020-03-26,9203.98,"Wirtschaft","smi_index","Indexwert SMI","CH","Index-Punkte","yahoo finance","täglich","ja","https://github.com/statistikZH/covid19monitoring_economy_SMI"
2020-03-27,8996.37,"Wirtschaft","smi_index","Indexwert SMI","CH","Index-Punkte","yahoo finance","täglich","ja","https://github.com/statistikZH/covid19monitoring_economy_SMI"
2020-03-30,9174.39,"Wirtschaft","smi_index","Indexwert SMI","CH","Index-Punkte","yahoo finance","täglich","ja","https://github.com/statistikZH/covid19monitoring_economy_SMI"
2020-03-31,9311.92,"Wirtschaft","smi_index","Indexwert SMI","CH","Index-Punkte","yahoo finance","täglich","ja","https://github.com/statistikZH/covid19monitoring_economy_SMI"
2020-04-01,9168.98,"Wirtschaft","smi_index","Indexwert SMI","CH","Index-Punkte","yahoo finance","täglich","ja","https://github.com/statistikZH/covid19monitoring_economy_SMI"
2020-04-02,9270.96,"Wirtschaft","smi_index","Indexwert SMI","CH","Index-Punkte","yahoo finance","täglich","ja","https://github.com/statistikZH/covid19monitoring_economy_SMI"
2020-04-03,9242.44,"Wirtschaft","smi_index","Indexwert SMI","CH","Index-Punkte","yahoo finance","täglich","ja","https://github.com/statistikZH/covid19monitoring_economy_SMI"
2020-04-06,9462.34,"Wirtschaft","smi_index","Indexwert SMI","CH","Index-Punkte","yahoo finance","täglich","ja","https://github.com/statistikZH/covid19monitoring_economy_SMI"
2020-04-07,9514.6,"Wirtschaft","smi_index","Indexwert SMI","CH","Index-Punkte","yahoo finance","täglich","ja","https://github.com/statistikZH/covid19monitoring_economy_SMI"
2020-04-08,9432.39,"Wirtschaft","smi_index","Indexwert SMI","CH","Index-Punkte","yahoo finance","täglich","ja","https://github.com/statistikZH/covid19monitoring_economy_SMI"
2020-04-09,9452.83,"Wirtschaft","smi_index","Indexwert SMI","CH","Index-Punkte","yahoo finance","täglich","ja","https://github.com/statistikZH/covid19monitoring_economy_SMI"
2020-04-14,9538.61,"Wirtschaft","smi_index","Indexwert SMI","CH","Index-Punkte","yahoo finance","täglich","ja","https://github.com/statistikZH/covid19monitoring_economy_SMI"
2020-04-15,9320.2,"Wirtschaft","smi_index","Indexwert SMI","CH","Index-Punkte","yahoo finance","täglich","ja","https://github.com/statistikZH/covid19monitoring_economy_SMI"
2020-04-16,9439.91,"Wirtschaft","smi_index","Indexwert SMI","CH","Index-Punkte","yahoo finance","täglich","ja","https://github.com/statistikZH/covid19monitoring_economy_SMI"
2020-04-17,9612.83,"Wirtschaft","smi_index","Indexwert SMI","CH","Index-Punkte","yahoo finance","täglich","ja","https://github.com/statistikZH/covid19monitoring_economy_SMI"
2020-04-20,9785.27,"Wirtschaft","smi_index","Indexwert SMI","CH","Index-Punkte","yahoo finance","täglich","ja","https://github.com/statistikZH/covid19monitoring_economy_SMI"
2020-04-21,9547.85,"Wirtschaft","smi_index","Indexwert SMI","CH","Index-Punkte","yahoo finance","täglich","ja","https://github.com/statistikZH/covid19monitoring_economy_SMI"
2020-04-22,9630.56,"Wirtschaft","smi_index","Indexwert SMI","CH","Index-Punkte","yahoo finance","täglich","ja","https://github.com/statistikZH/covid19monitoring_economy_SMI"
2020-04-23,9625.48,"Wirtschaft","smi_index","Indexwert SMI","CH","Index-Punkte","yahoo finance","täglich","ja","https://github.com/statistikZH/covid19monitoring_economy_SMI"
2020-04-24,9625.65,"Wirtschaft","smi_index","Indexwert SMI","CH","Index-Punkte","yahoo finance","täglich","ja","https://github.com/statistikZH/covid19monitoring_economy_SMI"
2020-04-27,9758.82,"Wirtschaft","smi_index","Indexwert SMI","CH","Index-Punkte","yahoo finance","täglich","ja","https://github.com/statistikZH/covid19monitoring_economy_SMI"
2020-04-28,9889.46,"Wirtschaft","smi_index","Indexwert SMI","CH","Index-Punkte","yahoo finance","täglich","ja","https://github.com/statistikZH/covid19monitoring_economy_SMI"
2020-04-29,9865.32,"Wirtschaft","smi_index","Indexwert SMI","CH","Index-Punkte","yahoo finance","täglich","ja","https://github.com/statistikZH/covid19monitoring_economy_SMI"
2020-04-30,9629.4,"Wirtschaft","smi_index","Indexwert SMI","CH","Index-Punkte","yahoo finance","täglich","ja","https://github.com/statistikZH/covid19monitoring_economy_SMI"
2020-05-04,9390.27,"Wirtschaft","smi_index","Indexwert SMI","CH","Index-Punkte","yahoo finance","täglich","ja","https://github.com/statistikZH/covid19monitoring_economy_SMI"
2020-05-05,9512.17,"Wirtschaft","smi_index","Indexwert SMI","CH","Index-Punkte","yahoo finance","täglich","ja","https://github.com/statistikZH/covid19monitoring_economy_SMI"
2020-05-06,9571.7,"Wirtschaft","smi_index","Indexwert SMI","CH","Index-Punkte","yahoo finance","täglich","ja","https://github.com/statistikZH/covid19monitoring_economy_SMI"
2020-05-07,9617.98,"Wirtschaft","smi_index","Indexwert SMI","CH","Index-Punkte","yahoo finance","täglich","ja","https://github.com/statistikZH/covid19monitoring_economy_SMI"
2020-05-08,9665.35,"Wirtschaft","smi_index","Indexwert SMI","CH","Index-Punkte","yahoo finance","täglich","ja","https://github.com/statistikZH/covid19monitoring_economy_SMI"
2020-05-11,9689.71,"Wirtschaft","smi_index","Indexwert SMI","CH","Index-Punkte","yahoo finance","täglich","ja","https://github.com/statistikZH/covid19monitoring_economy_SMI"
2020-01-01,0.92,"Wirtschaft","chf_eur","Wechselkurs Fr./Euro","CH","CHF/EUR","yahoo finance","täglich","ja","https://github.com/statistikZH/covid19monitoring_economy_SMI"
2020-01-02,0.921,"Wirtschaft","chf_eur","Wechselkurs Fr./Euro","CH","CHF/EUR","yahoo finance","täglich","ja","https://github.com/statistikZH/covid19monitoring_economy_SMI"
2020-01-03,0.921,"Wirtschaft","chf_eur","Wechselkurs Fr./Euro","CH","CHF/EUR","yahoo finance","täglich","ja","https://github.com/statistikZH/covid19monitoring_economy_SMI"
2020-01-06,0.922,"Wirtschaft","chf_eur","Wechselkurs Fr./Euro","CH","CHF/EUR","yahoo finance","täglich","ja","https://github.com/statistikZH/covid19monitoring_economy_SMI"
2020-01-07,0.922,"Wirtschaft","chf_eur","Wechselkurs Fr./Euro","CH","CHF/EUR","yahoo finance","täglich","ja","https://github.com/statistikZH/covid19monitoring_economy_SMI"
2020-01-08,0.925,"Wirtschaft","chf_eur","Wechselkurs Fr./Euro","CH","CHF/EUR","yahoo finance","täglich","ja","https://github.com/statistikZH/covid19monitoring_economy_SMI"
2020-01-09,0.925,"Wirtschaft","chf_eur","Wechselkurs Fr./Euro","CH","CHF/EUR","yahoo finance","täglich","ja","https://github.com/statistikZH/covid19monitoring_economy_SMI"
2020-01-10,0.925,"Wirtschaft","chf_eur","Wechselkurs Fr./Euro","CH","CHF/EUR","yahoo finance","täglich","ja","https://github.com/statistikZH/covid19monitoring_economy_SMI"
2020-01-13,0.924,"Wirtschaft","chf_eur","Wechselkurs Fr./Euro","CH","CHF/EUR","yahoo finance","täglich","ja","https://github.com/statistikZH/covid19monitoring_economy_SMI"
2020-01-14,0.925,"Wirtschaft","chf_eur","Wechselkurs Fr./Euro","CH","CHF/EUR","yahoo finance","täglich","ja","https://github.com/statistikZH/covid19monitoring_economy_SMI"
2020-01-15,0.929,"Wirtschaft","chf_eur","Wechselkurs Fr./Euro","CH","CHF/EUR","yahoo finance","täglich","ja","https://github.com/statistikZH/covid19monitoring_economy_SMI"
2020-01-16,0.93,"Wirtschaft","chf_eur","Wechselkurs Fr./Euro","CH","CHF/EUR","yahoo finance","täglich","ja","https://github.com/statistikZH/covid19monitoring_economy_SMI"
2020-01-17,0.93,"Wirtschaft","chf_eur","Wechselkurs Fr./Euro","CH","CHF/EUR","yahoo finance","täglich","ja","https://github.com/statistikZH/covid19monitoring_economy_SMI"
2020-01-20,0.931,"Wirtschaft","chf_eur","Wechselkurs Fr./Euro","CH","CHF/EUR","yahoo finance","täglich","ja","https://github.com/statistikZH/covid19monitoring_economy_SMI"
2020-01-21,0.93,"Wirtschaft","chf_eur","Wechselkurs Fr./Euro","CH","CHF/EUR","yahoo finance","täglich","ja","https://github.com/statistikZH/covid19monitoring_economy_SMI"
2020-01-22,0.931,"Wirtschaft","chf_eur","Wechselkurs Fr./Euro","CH","CHF/EUR","yahoo finance","täglich","ja","https://github.com/statistikZH/covid19monitoring_economy_SMI"
2020-01-23,0.931,"Wirtschaft","chf_eur","Wechselkurs Fr./Euro","CH","CHF/EUR","yahoo finance","täglich","ja","https://github.com/statistikZH/covid19monitoring_economy_SMI"
2020-01-24,0.933,"Wirtschaft","chf_eur","Wechselkurs Fr./Euro","CH","CHF/EUR","yahoo finance","täglich","ja","https://github.com/statistikZH/covid19monitoring_economy_SMI"
2020-01-27,0.935,"Wirtschaft","chf_eur","Wechselkurs Fr./Euro","CH","CHF/EUR","yahoo finance","täglich","ja","https://github.com/statistikZH/covid19monitoring_economy_SMI"
2020-01-28,0.936,"Wirtschaft","chf_eur","Wechselkurs Fr./Euro","CH","CHF/EUR","yahoo finance","täglich","ja","https://github.com/statistikZH/covid19monitoring_economy_SMI"
2020-01-29,0.932,"Wirtschaft","chf_eur","Wechselkurs Fr./Euro","CH","CHF/EUR","yahoo finance","täglich","ja","https://github.com/statistikZH/covid19monitoring_economy_SMI"
2020-01-30,0.933,"Wirtschaft","chf_eur","Wechselkurs Fr./Euro","CH","CHF/EUR","yahoo finance","täglich","ja","https://github.com/statistikZH/covid19monitoring_economy_SMI"
2020-01-31,0.935,"Wirtschaft","chf_eur","Wechselkurs Fr./Euro","CH","CHF/EUR","yahoo finance","täglich","ja","https://github.com/statistikZH/covid19monitoring_economy_SMI"
2020-02-03,0.936,"Wirtschaft","chf_eur","Wechselkurs Fr./Euro","CH","CHF/EUR","yahoo finance","täglich","ja","https://github.com/statistikZH/covid19monitoring_economy_SMI"
2020-02-04,0.936,"Wirtschaft","chf_eur","Wechselkurs Fr./Euro","CH","CHF/EUR","yahoo finance","täglich","ja","https://github.com/statistikZH/covid19monitoring_economy_SMI"
2020-02-05,0.934,"Wirtschaft","chf_eur","Wechselkurs Fr./Euro","CH","CHF/EUR","yahoo finance","täglich","ja","https://github.com/statistikZH/covid19monitoring_economy_SMI"
2020-02-06,0.934,"Wirtschaft","chf_eur","Wechselkurs Fr./Euro","CH","CHF/EUR","yahoo finance","täglich","ja","https://github.com/statistikZH/covid19monitoring_economy_SMI"
2020-02-07,0.934,"Wirtschaft","chf_eur","Wechselkurs Fr./Euro","CH","CHF/EUR","yahoo finance","täglich","ja","https://github.com/statistikZH/covid19monitoring_economy_SMI"
2020-02-10,0.935,"Wirtschaft","chf_eur","Wechselkurs Fr./Euro","CH","CHF/EUR","yahoo finance","täglich","ja","https://github.com/statistikZH/covid19monitoring_economy_SMI"
2020-02-11,0.938,"Wirtschaft","chf_eur","Wechselkurs Fr./Euro","CH","CHF/EUR","yahoo finance","täglich","ja","https://github.com/statistikZH/covid19monitoring_economy_SMI"
2020-02-12,0.938,"Wirtschaft","chf_eur","Wechselkurs Fr./Euro","CH","CHF/EUR","yahoo finance","täglich","ja","https://github.com/statistikZH/covid19monitoring_economy_SMI"
2020-02-13,0.94,"Wirtschaft","chf_eur","Wechselkurs Fr./Euro","CH","CHF/EUR","yahoo finance","täglich","ja","https://github.com/statistikZH/covid19monitoring_economy_SMI"
2020-02-14,0.942,"Wirtschaft","chf_eur","Wechselkurs Fr./Euro","CH","CHF/EUR","yahoo finance","täglich","ja","https://github.com/statistikZH/covid19monitoring_economy_SMI"
2020-02-17,0.939,"Wirtschaft","chf_eur","Wechselkurs Fr./Euro","CH","CHF/EUR","yahoo finance","täglich","ja","https://github.com/statistikZH/covid19monitoring_economy_SMI"
2020-02-18,0.941,"Wirtschaft","chf_eur","Wechselkurs Fr./Euro","CH","CHF/EUR","yahoo finance","täglich","ja","https://github.com/statistikZH/covid19monitoring_economy_SMI"
2020-02-19,0.942,"Wirtschaft","chf_eur","Wechselkurs Fr./Euro","CH","CHF/EUR","yahoo finance","täglich","ja","https://github.com/statistikZH/covid19monitoring_economy_SMI"
2020-02-20,0.94,"Wirtschaft","chf_eur","Wechselkurs Fr./Euro","CH","CHF/EUR","yahoo finance","täglich","ja","https://github.com/statistikZH/covid19monitoring_economy_SMI"
2020-02-21,0.942,"Wirtschaft","chf_eur","Wechselkurs Fr./Euro","CH","CHF/EUR","yahoo finance","täglich","ja","https://github.com/statistikZH/covid19monitoring_economy_SMI"
2020-02-24,0.942,"Wirtschaft","chf_eur","Wechselkurs Fr./Euro","CH","CHF/EUR","yahoo finance","täglich","ja","https://github.com/statistikZH/covid19monitoring_economy_SMI"
2020-02-25,0.941,"Wirtschaft","chf_eur","Wechselkurs Fr./Euro","CH","CHF/EUR","yahoo finance","täglich","ja","https://github.com/statistikZH/covid19monitoring_economy_SMI"
2020-02-26,0.942,"Wirtschaft","chf_eur","Wechselkurs Fr./Euro","CH","CHF/EUR","yahoo finance","täglich","ja","https://github.com/statistikZH/covid19monitoring_economy_SMI"
2020-02-27,0.941,"Wirtschaft","chf_eur","Wechselkurs Fr./Euro","CH","CHF/EUR","yahoo finance","täglich","ja","https://github.com/statistikZH/covid19monitoring_economy_SMI"
2020-02-28,0.938,"Wirtschaft","chf_eur","Wechselkurs Fr./Euro","CH","CHF/EUR","yahoo finance","täglich","ja","https://github.com/statistikZH/covid19monitoring_economy_SMI"
2020-03-02,0.939,"Wirtschaft","chf_eur","Wechselkurs Fr./Euro","CH","CHF/EUR","yahoo finance","täglich","ja","https://github.com/statistikZH/covid19monitoring_economy_SMI"
2020-03-03,0.936,"Wirtschaft","chf_eur","Wechselkurs Fr./Euro","CH","CHF/EUR","yahoo finance","täglich","ja","https://github.com/statistikZH/covid19monitoring_economy_SMI"
2020-03-04,0.936,"Wirtschaft","chf_eur","Wechselkurs Fr./Euro","CH","CHF/EUR","yahoo finance","täglich","ja","https://github.com/statistikZH/covid19monitoring_economy_SMI"
2020-03-05,0.938,"Wirtschaft","chf_eur","Wechselkurs Fr./Euro","CH","CHF/EUR","yahoo finance","täglich","ja","https://github.com/statistikZH/covid19monitoring_economy_SMI"
2020-03-06,0.942,"Wirtschaft","chf_eur","Wechselkurs Fr./Euro","CH","CHF/EUR","yahoo finance","täglich","ja","https://github.com/statistikZH/covid19monitoring_economy_SMI"
2020-03-09,0.947,"Wirtschaft","chf_eur","Wechselkurs Fr./Euro","CH","CHF/EUR","yahoo finance","täglich","ja","https://github.com/statistikZH/covid19monitoring_economy_SMI"
2020-03-10,0.945,"Wirtschaft","chf_eur","Wechselkurs Fr./Euro","CH","CHF/EUR","yahoo finance","täglich","ja","https://github.com/statistikZH/covid19monitoring_economy_SMI"
2020-03-11,0.943,"Wirtschaft","chf_eur","Wechselkurs Fr./Euro","CH","CHF/EUR","yahoo finance","täglich","ja","https://github.com/statistikZH/covid19monitoring_economy_SMI"
2020-03-12,0.945,"Wirtschaft","chf_eur","Wechselkurs Fr./Euro","CH","CHF/EUR","yahoo finance","täglich","ja","https://github.com/statistikZH/covid19monitoring_economy_SMI"
2020-03-13,0.946,"Wirtschaft","chf_eur","Wechselkurs Fr./Euro","CH","CHF/EUR","yahoo finance","täglich","ja","https://github.com/statistikZH/covid19monitoring_economy_SMI"
2020-03-16,0.947,"Wirtschaft","chf_eur","Wechselkurs Fr./Euro","CH","CHF/EUR","yahoo finance","täglich","ja","https://github.com/statistikZH/covid19monitoring_economy_SMI"
2020-03-17,0.945,"Wirtschaft","chf_eur","Wechselkurs Fr./Euro","CH","CHF/EUR","yahoo finance","täglich","ja","https://github.com/statistikZH/covid19monitoring_economy_SMI"
2020-03-18,0.946,"Wirtschaft","chf_eur","Wechselkurs Fr./Euro","CH","CHF/EUR","yahoo finance","täglich","ja","https://github.com/statistikZH/covid19monitoring_economy_SMI"
2020-03-19,0.943,"Wirtschaft","chf_eur","Wechselkurs Fr./Euro","CH","CHF/EUR","yahoo finance","täglich","ja","https://github.com/statistikZH/covid19monitoring_economy_SMI"
2020-03-20,0.949,"Wirtschaft","chf_eur","Wechselkurs Fr./Euro","CH","CHF/EUR","yahoo finance","täglich","ja","https://github.com/statistikZH/covid19monitoring_economy_SMI"
2020-03-23,0.949,"Wirtschaft","chf_eur","Wechselkurs Fr./Euro","CH","CHF/EUR","yahoo finance","täglich","ja","https://github.com/statistikZH/covid19monitoring_economy_SMI"
2020-03-24,0.946,"Wirtschaft","chf_eur","Wechselkurs Fr./Euro","CH","CHF/EUR","yahoo finance","täglich","ja","https://github.com/statistikZH/covid19monitoring_economy_SMI"
2020-03-25,0.944,"Wirtschaft","chf_eur","Wechselkurs Fr./Euro","CH","CHF/EUR","yahoo finance","täglich","ja","https://github.com/statistikZH/covid19monitoring_economy_SMI"
2020-03-26,0.941,"Wirtschaft","chf_eur","Wechselkurs Fr./Euro","CH","CHF/EUR","yahoo finance","täglich","ja","https://github.com/statistikZH/covid19monitoring_economy_SMI"
2020-03-27,0.941,"Wirtschaft","chf_eur","Wechselkurs Fr./Euro","CH","CHF/EUR","yahoo finance","täglich","ja","https://github.com/statistikZH/covid19monitoring_economy_SMI"
2020-03-30,0.944,"Wirtschaft","chf_eur","Wechselkurs Fr./Euro","CH","CHF/EUR","yahoo finance","täglich","ja","https://github.com/statistikZH/covid19monitoring_economy_SMI"
2020-03-31,0.944,"Wirtschaft","chf_eur","Wechselkurs Fr./Euro","CH","CHF/EUR","yahoo finance","täglich","ja","https://github.com/statistikZH/covid19monitoring_economy_SMI"
2020-04-01,0.943,"Wirtschaft","chf_eur","Wechselkurs Fr./Euro","CH","CHF/EUR","yahoo finance","täglich","ja","https://github.com/statistikZH/covid19monitoring_economy_SMI"
2020-04-02,0.945,"Wirtschaft","chf_eur","Wechselkurs Fr./Euro","CH","CHF/EUR","yahoo finance","täglich","ja","https://github.com/statistikZH/covid19monitoring_economy_SMI"
2020-04-03,0.946,"Wirtschaft","chf_eur","Wechselkurs Fr./Euro","CH","CHF/EUR","yahoo finance","täglich","ja","https://github.com/statistikZH/covid19monitoring_economy_SMI"
2020-04-06,0.947,"Wirtschaft","chf_eur","Wechselkurs Fr./Euro","CH","CHF/EUR","yahoo finance","täglich","ja","https://github.com/statistikZH/covid19monitoring_economy_SMI"
2020-04-07,0.947,"Wirtschaft","chf_eur","Wechselkurs Fr./Euro","CH","CHF/EUR","yahoo finance","täglich","ja","https://github.com/statistikZH/covid19monitoring_economy_SMI"
2020-04-08,0.947,"Wirtschaft","chf_eur","Wechselkurs Fr./Euro","CH","CHF/EUR","yahoo finance","täglich","ja","https://github.com/statistikZH/covid19monitoring_economy_SMI"
2020-04-09,0.947,"Wirtschaft","chf_eur","Wechselkurs Fr./Euro","CH","CHF/EUR","yahoo finance","täglich","ja","https://github.com/statistikZH/covid19monitoring_economy_SMI"
2020-04-10,0.946,"Wirtschaft","chf_eur","Wechselkurs Fr./Euro","CH","CHF/EUR","yahoo finance","täglich","ja","https://github.com/statistikZH/covid19monitoring_economy_SMI"
2020-04-13,0.947,"Wirtschaft","chf_eur","Wechselkurs Fr./Euro","CH","CHF/EUR","yahoo finance","täglich","ja","https://github.com/statistikZH/covid19monitoring_economy_SMI"
2020-04-14,0.947,"Wirtschaft","chf_eur","Wechselkurs Fr./Euro","CH","CHF/EUR","yahoo finance","täglich","ja","https://github.com/statistikZH/covid19monitoring_economy_SMI"
2020-04-15,0.948,"Wirtschaft","chf_eur","Wechselkurs Fr./Euro","CH","CHF/EUR","yahoo finance","täglich","ja","https://github.com/statistikZH/covid19monitoring_economy_SMI"
2020-04-16,0.95,"Wirtschaft","chf_eur","Wechselkurs Fr./Euro","CH","CHF/EUR","yahoo finance","täglich","ja","https://github.com/statistikZH/covid19monitoring_economy_SMI"
2020-04-17,0.95,"Wirtschaft","chf_eur","Wechselkurs Fr./Euro","CH","CHF/EUR","yahoo finance","täglich","ja","https://github.com/statistikZH/covid19monitoring_economy_SMI"
2020-04-20,0.951,"Wirtschaft","chf_eur","Wechselkurs Fr./Euro","CH","CHF/EUR","yahoo finance","täglich","ja","https://github.com/statistikZH/covid19monitoring_economy_SMI"
2020-04-21,0.951,"Wirtschaft","chf_eur","Wechselkurs Fr./Euro","CH","CHF/EUR","yahoo finance","täglich","ja","https://github.com/statistikZH/covid19monitoring_economy_SMI"
2020-04-22,0.95,"Wirtschaft","chf_eur","Wechselkurs Fr./Euro","CH","CHF/EUR","yahoo finance","täglich","ja","https://github.com/statistikZH/covid19monitoring_economy_SMI"
2020-04-23,0.951,"Wirtschaft","chf_eur","Wechselkurs Fr./Euro","CH","CHF/EUR","yahoo finance","täglich","ja","https://github.com/statistikZH/covid19monitoring_economy_SMI"
2020-04-24,0.951,"Wirtschaft","chf_eur","Wechselkurs Fr./Euro","CH","CHF/EUR","yahoo finance","täglich","ja","https://github.com/statistikZH/covid19monitoring_economy_SMI"
2020-04-27,0.949,"Wirtschaft","chf_eur","Wechselkurs Fr./Euro","CH","CHF/EUR","yahoo finance","täglich","ja","https://github.com/statistikZH/covid19monitoring_economy_SMI"
2020-04-28,0.947,"Wirtschaft","chf_eur","Wechselkurs Fr./Euro","CH","CHF/EUR","yahoo finance","täglich","ja","https://github.com/statistikZH/covid19monitoring_economy_SMI"
2020-04-29,0.948,"Wirtschaft","chf_eur","Wechselkurs Fr./Euro","CH","CHF/EUR","yahoo finance","täglich","ja","https://github.com/statistikZH/covid19monitoring_economy_SMI"
2020-04-30,0.944,"Wirtschaft","chf_eur","Wechselkurs Fr./Euro","CH","CHF/EUR","yahoo finance","täglich","ja","https://github.com/statistikZH/covid19monitoring_economy_SMI"
2020-05-01,0.945,"Wirtschaft","chf_eur","Wechselkurs Fr./Euro","CH","CHF/EUR","yahoo finance","täglich","ja","https://github.com/statistikZH/covid19monitoring_economy_SMI"
2020-05-04,0.948,"Wirtschaft","chf_eur","Wechselkurs Fr./Euro","CH","CHF/EUR","yahoo finance","täglich","ja","https://github.com/statistikZH/covid19monitoring_economy_SMI"
2020-05-05,0.95,"Wirtschaft","chf_eur","Wechselkurs Fr./Euro","CH","CHF/EUR","yahoo finance","täglich","ja","https://github.com/statistikZH/covid19monitoring_economy_SMI"
2020-05-06,0.949,"Wirtschaft","chf_eur","Wechselkurs Fr./Euro","CH","CHF/EUR","yahoo finance","täglich","ja","https://github.com/statistikZH/covid19monitoring_economy_SMI"
2020-05-07,0.949,"Wirtschaft","chf_eur","Wechselkurs Fr./Euro","CH","CHF/EUR","yahoo finance","täglich","ja","https://github.com/statistikZH/covid19monitoring_economy_SMI"
2020-05-08,0.948,"Wirtschaft","chf_eur","Wechselkurs Fr./Euro","CH","CHF/EUR","yahoo finance","täglich","ja","https://github.com/statistikZH/covid19monitoring_economy_SMI"
2020-05-11,0.95,"Wirtschaft","chf_eur","Wechselkurs Fr./Euro","CH","CHF/EUR","yahoo finance","täglich","ja","https://github.com/statistikZH/covid19monitoring_economy_SMI"
2020-05-12,0.95,"Wirtschaft","chf_eur","Wechselkurs Fr./Euro","CH","CHF/EUR","yahoo finance","täglich","ja","https://github.com/statistikZH/covid19monitoring_economy_SMI"
2020-01-01,1.034,"Wirtschaft","chf_usd","Wechselkurs Fr./US-Dollar","CH","CHF/USD","yahoo finance","täglich","ja","https://github.com/statistikZH/covid19monitoring_economy_SMI"
2020-01-02,1.034,"Wirtschaft","chf_usd","Wechselkurs Fr./US-Dollar","CH","CHF/USD","yahoo finance","täglich","ja","https://github.com/statistikZH/covid19monitoring_economy_SMI"
2020-01-03,1.03,"Wirtschaft","chf_usd","Wechselkurs Fr./US-Dollar","CH","CHF/USD","yahoo finance","täglich","ja","https://github.com/statistikZH/covid19monitoring_economy_SMI"
2020-01-06,1.029,"Wirtschaft","chf_usd","Wechselkurs Fr./US-Dollar","CH","CHF/USD","yahoo finance","täglich","ja","https://github.com/statistikZH/covid19monitoring_economy_SMI"
2020-01-07,1.033,"Wirtschaft","chf_usd","Wechselkurs Fr./US-Dollar","CH","CHF/USD","yahoo finance","täglich","ja","https://github.com/statistikZH/covid19monitoring_economy_SMI"
2020-01-08,1.032,"Wirtschaft","chf_usd","Wechselkurs Fr./US-Dollar","CH","CHF/USD","yahoo finance","täglich","ja","https://github.com/statistikZH/covid19monitoring_economy_SMI"
2020-01-09,1.028,"Wirtschaft","chf_usd","Wechselkurs Fr./US-Dollar","CH","CHF/USD","yahoo finance","täglich","ja","https://github.com/statistikZH/covid19monitoring_economy_SMI"
2020-01-10,1.028,"Wirtschaft","chf_usd","Wechselkurs Fr./US-Dollar","CH","CHF/USD","yahoo finance","täglich","ja","https://github.com/statistikZH/covid19monitoring_economy_SMI"
2020-01-13,1.028,"Wirtschaft","chf_usd","Wechselkurs Fr./US-Dollar","CH","CHF/USD","yahoo finance","täglich","ja","https://github.com/statistikZH/covid19monitoring_economy_SMI"
2020-01-14,1.03,"Wirtschaft","chf_usd","Wechselkurs Fr./US-Dollar","CH","CHF/USD","yahoo finance","täglich","ja","https://github.com/statistikZH/covid19monitoring_economy_SMI"
2020-01-15,1.034,"Wirtschaft","chf_usd","Wechselkurs Fr./US-Dollar","CH","CHF/USD","yahoo finance","täglich","ja","https://github.com/statistikZH/covid19monitoring_economy_SMI"
2020-01-16,1.038,"Wirtschaft","chf_usd","Wechselkurs Fr./US-Dollar","CH","CHF/USD","yahoo finance","täglich","ja","https://github.com/statistikZH/covid19monitoring_economy_SMI"
2020-01-17,1.036,"Wirtschaft","chf_usd","Wechselkurs Fr./US-Dollar","CH","CHF/USD","yahoo finance","täglich","ja","https://github.com/statistikZH/covid19monitoring_economy_SMI"
2020-01-20,1.033,"Wirtschaft","chf_usd","Wechselkurs Fr./US-Dollar","CH","CHF/USD","yahoo finance","täglich","ja","https://github.com/statistikZH/covid19monitoring_economy_SMI"
2020-01-21,1.033,"Wirtschaft","chf_usd","Wechselkurs Fr./US-Dollar","CH","CHF/USD","yahoo finance","täglich","ja","https://github.com/statistikZH/covid19monitoring_economy_SMI"
2020-01-22,1.032,"Wirtschaft","chf_usd","Wechselkurs Fr./US-Dollar","CH","CHF/USD","yahoo finance","täglich","ja","https://github.com/statistikZH/covid19monitoring_economy_SMI"
2020-01-23,1.034,"Wirtschaft","chf_usd","Wechselkurs Fr./US-Dollar","CH","CHF/USD","yahoo finance","täglich","ja","https://github.com/statistikZH/covid19monitoring_economy_SMI"
2020-01-24,1.031,"Wirtschaft","chf_usd","Wechselkurs Fr./US-Dollar","CH","CHF/USD","yahoo finance","täglich","ja","https://github.com/statistikZH/covid19monitoring_economy_SMI"
2020-01-27,1.031,"Wirtschaft","chf_usd","Wechselkurs Fr./US-Dollar","CH","CHF/USD","yahoo finance","täglich","ja","https://github.com/statistikZH/covid19monitoring_economy_SMI"
2020-01-28,1.031,"Wirtschaft","chf_usd","Wechselkurs Fr./US-Dollar","CH","CHF/USD","yahoo finance","täglich","ja","https://github.com/statistikZH/covid19monitoring_economy_SMI"
2020-01-29,1.028,"Wirtschaft","chf_usd","Wechselkurs Fr./US-Dollar","CH","CHF/USD","yahoo finance","täglich","ja","https://github.com/statistikZH/covid19monitoring_economy_SMI"
2020-01-30,1.028,"Wirtschaft","chf_usd","Wechselkurs Fr./US-Dollar","CH","CHF/USD","yahoo finance","täglich","ja","https://github.com/statistikZH/covid19monitoring_economy_SMI"
2020-01-31,1.032,"Wirtschaft","chf_usd","Wechselkurs Fr./US-Dollar","CH","CHF/USD","yahoo finance","täglich","ja","https://github.com/statistikZH/covid19monitoring_economy_SMI"
2020-02-03,1.038,"Wirtschaft","chf_usd","Wechselkurs Fr./US-Dollar","CH","CHF/USD","yahoo finance","täglich","ja","https://github.com/statistikZH/covid19monitoring_economy_SMI"
2020-02-04,1.036,"Wirtschaft","chf_usd","Wechselkurs Fr./US-Dollar","CH","CHF/USD","yahoo finance","täglich","ja","https://github.com/statistikZH/covid19monitoring_economy_SMI"
2020-02-05,1.032,"Wirtschaft","chf_usd","Wechselkurs Fr./US-Dollar","CH","CHF/USD","yahoo finance","täglich","ja","https://github.com/statistikZH/covid19monitoring_economy_SMI"
2020-02-06,1.027,"Wirtschaft","chf_usd","Wechselkurs Fr./US-Dollar","CH","CHF/USD","yahoo finance","täglich","ja","https://github.com/statistikZH/covid19monitoring_economy_SMI"
2020-02-07,1.026,"Wirtschaft","chf_usd","Wechselkurs Fr./US-Dollar","CH","CHF/USD","yahoo finance","täglich","ja","https://github.com/statistikZH/covid19monitoring_economy_SMI"
2020-02-10,1.024,"Wirtschaft","chf_usd","Wechselkurs Fr./US-Dollar","CH","CHF/USD","yahoo finance","täglich","ja","https://github.com/statistikZH/covid19monitoring_economy_SMI"
2020-02-11,1.023,"Wirtschaft","chf_usd","Wechselkurs Fr./US-Dollar","CH","CHF/USD","yahoo finance","täglich","ja","https://github.com/statistikZH/covid19monitoring_economy_SMI"
2020-02-12,1.025,"Wirtschaft","chf_usd","Wechselkurs Fr./US-Dollar","CH","CHF/USD","yahoo finance","täglich","ja","https://github.com/statistikZH/covid19monitoring_economy_SMI"
2020-02-13,1.023,"Wirtschaft","chf_usd","Wechselkurs Fr./US-Dollar","CH","CHF/USD","yahoo finance","täglich","ja","https://github.com/statistikZH/covid19monitoring_economy_SMI"
2020-02-14,1.022,"Wirtschaft","chf_usd","Wechselkurs Fr./US-Dollar","CH","CHF/USD","yahoo finance","täglich","ja","https://github.com/statistikZH/covid19monitoring_economy_SMI"
2020-02-17,1.019,"Wirtschaft","chf_usd","Wechselkurs Fr./US-Dollar","CH","CHF/USD","yahoo finance","täglich","ja","https://github.com/statistikZH/covid19monitoring_economy_SMI"
2020-02-18,1.02,"Wirtschaft","chf_usd","Wechselkurs Fr./US-Dollar","CH","CHF/USD","yahoo finance","täglich","ja","https://github.com/statistikZH/covid19monitoring_economy_SMI"
2020-02-19,1.017,"Wirtschaft","chf_usd","Wechselkurs Fr./US-Dollar","CH","CHF/USD","yahoo finance","täglich","ja","https://github.com/statistikZH/covid19monitoring_economy_SMI"
2020-02-20,1.017,"Wirtschaft","chf_usd","Wechselkurs Fr./US-Dollar","CH","CHF/USD","yahoo finance","täglich","ja","https://github.com/statistikZH/covid19monitoring_economy_SMI"
2020-02-21,1.017,"Wirtschaft","chf_usd","Wechselkurs Fr./US-Dollar","CH","CHF/USD","yahoo finance","täglich","ja","https://github.com/statistikZH/covid19monitoring_economy_SMI"
2020-02-24,1.022,"Wirtschaft","chf_usd","Wechselkurs Fr./US-Dollar","CH","CHF/USD","yahoo finance","täglich","ja","https://github.com/statistikZH/covid19monitoring_economy_SMI"
2020-02-25,1.021,"Wirtschaft","chf_usd","Wechselkurs Fr./US-Dollar","CH","CHF/USD","yahoo finance","täglich","ja","https://github.com/statistikZH/covid19monitoring_economy_SMI"
2020-02-26,1.025,"Wirtschaft","chf_usd","Wechselkurs Fr./US-Dollar","CH","CHF/USD","yahoo finance","täglich","ja","https://github.com/statistikZH/covid19monitoring_economy_SMI"
2020-02-27,1.024,"Wirtschaft","chf_usd","Wechselkurs Fr./US-Dollar","CH","CHF/USD","yahoo finance","täglich","ja","https://github.com/statistikZH/covid19monitoring_economy_SMI"
2020-02-28,1.032,"Wirtschaft","chf_usd","Wechselkurs Fr./US-Dollar","CH","CHF/USD","yahoo finance","täglich","ja","https://github.com/statistikZH/covid19monitoring_economy_SMI"
2020-03-02,1.037,"Wirtschaft","chf_usd","Wechselkurs Fr./US-Dollar","CH","CHF/USD","yahoo finance","täglich","ja","https://github.com/statistikZH/covid19monitoring_economy_SMI"
2020-03-03,1.044,"Wirtschaft","chf_usd","Wechselkurs Fr./US-Dollar","CH","CHF/USD","yahoo finance","täglich","ja","https://github.com/statistikZH/covid19monitoring_economy_SMI"
2020-03-04,1.046,"Wirtschaft","chf_usd","Wechselkurs Fr./US-Dollar","CH","CHF/USD","yahoo finance","täglich","ja","https://github.com/statistikZH/covid19monitoring_economy_SMI"
2020-03-05,1.045,"Wirtschaft","chf_usd","Wechselkurs Fr./US-Dollar","CH","CHF/USD","yahoo finance","täglich","ja","https://github.com/statistikZH/covid19monitoring_economy_SMI"
2020-03-06,1.057,"Wirtschaft","chf_usd","Wechselkurs Fr./US-Dollar","CH","CHF/USD","yahoo finance","täglich","ja","https://github.com/statistikZH/covid19monitoring_economy_SMI"
2020-03-09,1.078,"Wirtschaft","chf_usd","Wechselkurs Fr./US-Dollar","CH","CHF/USD","yahoo finance","täglich","ja","https://github.com/statistikZH/covid19monitoring_economy_SMI"
2020-03-10,1.077,"Wirtschaft","chf_usd","Wechselkurs Fr./US-Dollar","CH","CHF/USD","yahoo finance","täglich","ja","https://github.com/statistikZH/covid19monitoring_economy_SMI"
2020-03-11,1.067,"Wirtschaft","chf_usd","Wechselkurs Fr./US-Dollar","CH","CHF/USD","yahoo finance","täglich","ja","https://github.com/statistikZH/covid19monitoring_economy_SMI"
2020-03-12,1.065,"Wirtschaft","chf_usd","Wechselkurs Fr./US-Dollar","CH","CHF/USD","yahoo finance","täglich","ja","https://github.com/statistikZH/covid19monitoring_economy_SMI"
2020-03-13,1.059,"Wirtschaft","chf_usd","Wechselkurs Fr./US-Dollar","CH","CHF/USD","yahoo finance","täglich","ja","https://github.com/statistikZH/covid19monitoring_economy_SMI"
2020-03-16,1.057,"Wirtschaft","chf_usd","Wechselkurs Fr./US-Dollar","CH","CHF/USD","yahoo finance","täglich","ja","https://github.com/statistikZH/covid19monitoring_economy_SMI"
2020-03-17,1.055,"Wirtschaft","chf_usd","Wechselkurs Fr./US-Dollar","CH","CHF/USD","yahoo finance","täglich","ja","https://github.com/statistikZH/covid19monitoring_economy_SMI"
2020-03-18,1.042,"Wirtschaft","chf_usd","Wechselkurs Fr./US-Dollar","CH","CHF/USD","yahoo finance","täglich","ja","https://github.com/statistikZH/covid19monitoring_economy_SMI"
2020-03-19,1.035,"Wirtschaft","chf_usd","Wechselkurs Fr./US-Dollar","CH","CHF/USD","yahoo finance","täglich","ja","https://github.com/statistikZH/covid19monitoring_economy_SMI"
2020-03-20,1.011,"Wirtschaft","chf_usd","Wechselkurs Fr./US-Dollar","CH","CHF/USD","yahoo finance","täglich","ja","https://github.com/statistikZH/covid19monitoring_economy_SMI"
2020-03-23,1.015,"Wirtschaft","chf_usd","Wechselkurs Fr./US-Dollar","CH","CHF/USD","yahoo finance","täglich","ja","https://github.com/statistikZH/covid19monitoring_economy_SMI"
2020-03-24,1.019,"Wirtschaft","chf_usd","Wechselkurs Fr./US-Dollar","CH","CHF/USD","yahoo finance","täglich","ja","https://github.com/statistikZH/covid19monitoring_economy_SMI"
2020-03-25,1.02,"Wirtschaft","chf_usd","Wechselkurs Fr./US-Dollar","CH","CHF/USD","yahoo finance","täglich","ja","https://github.com/statistikZH/covid19monitoring_economy_SMI"
2020-03-26,1.024,"Wirtschaft","chf_usd","Wechselkurs Fr./US-Dollar","CH","CHF/USD","yahoo finance","täglich","ja","https://github.com/statistikZH/covid19monitoring_economy_SMI"
2020-03-27,1.04,"Wirtschaft","chf_usd","Wechselkurs Fr./US-Dollar","CH","CHF/USD","yahoo finance","täglich","ja","https://github.com/statistikZH/covid19monitoring_economy_SMI"
2020-03-30,1.052,"Wirtschaft","chf_usd","Wechselkurs Fr./US-Dollar","CH","CHF/USD","yahoo finance","täglich","ja","https://github.com/statistikZH/covid19monitoring_economy_SMI"
2020-03-31,1.042,"Wirtschaft","chf_usd","Wechselkurs Fr./US-Dollar","CH","CHF/USD","yahoo finance","täglich","ja","https://github.com/statistikZH/covid19monitoring_economy_SMI"
2020-04-01,1.04,"Wirtschaft","chf_usd","Wechselkurs Fr./US-Dollar","CH","CHF/USD","yahoo finance","täglich","ja","https://github.com/statistikZH/covid19monitoring_economy_SMI"
2020-04-02,1.035,"Wirtschaft","chf_usd","Wechselkurs Fr./US-Dollar","CH","CHF/USD","yahoo finance","täglich","ja","https://github.com/statistikZH/covid19monitoring_economy_SMI"
2020-04-03,1.026,"Wirtschaft","chf_usd","Wechselkurs Fr./US-Dollar","CH","CHF/USD","yahoo finance","täglich","ja","https://github.com/statistikZH/covid19monitoring_economy_SMI"
2020-04-06,1.023,"Wirtschaft","chf_usd","Wechselkurs Fr./US-Dollar","CH","CHF/USD","yahoo finance","täglich","ja","https://github.com/statistikZH/covid19monitoring_economy_SMI"
2020-04-07,1.023,"Wirtschaft","chf_usd","Wechselkurs Fr./US-Dollar","CH","CHF/USD","yahoo finance","täglich","ja","https://github.com/statistikZH/covid19monitoring_economy_SMI"
2020-04-08,1.032,"Wirtschaft","chf_usd","Wechselkurs Fr./US-Dollar","CH","CHF/USD","yahoo finance","täglich","ja","https://github.com/statistikZH/covid19monitoring_economy_SMI"
2020-04-09,1.029,"Wirtschaft","chf_usd","Wechselkurs Fr./US-Dollar","CH","CHF/USD","yahoo finance","täglich","ja","https://github.com/statistikZH/covid19monitoring_economy_SMI"
2020-04-10,1.034,"Wirtschaft","chf_usd","Wechselkurs Fr./US-Dollar","CH","CHF/USD","yahoo finance","täglich","ja","https://github.com/statistikZH/covid19monitoring_economy_SMI"
2020-04-13,1.035,"Wirtschaft","chf_usd","Wechselkurs Fr./US-Dollar","CH","CHF/USD","yahoo finance","täglich","ja","https://github.com/statistikZH/covid19monitoring_economy_SMI"
2020-04-14,1.035,"Wirtschaft","chf_usd","Wechselkurs Fr./US-Dollar","CH","CHF/USD","yahoo finance","täglich","ja","https://github.com/statistikZH/covid19monitoring_economy_SMI"
2020-04-15,1.042,"Wirtschaft","chf_usd","Wechselkurs Fr./US-Dollar","CH","CHF/USD","yahoo finance","täglich","ja","https://github.com/statistikZH/covid19monitoring_economy_SMI"
2020-04-16,1.036,"Wirtschaft","chf_usd","Wechselkurs Fr./US-Dollar","CH","CHF/USD","yahoo finance","täglich","ja","https://github.com/statistikZH/covid19monitoring_economy_SMI"
2020-04-17,1.032,"Wirtschaft","chf_usd","Wechselkurs Fr./US-Dollar","CH","CHF/USD","yahoo finance","täglich","ja","https://github.com/statistikZH/covid19monitoring_economy_SMI"
2020-04-20,1.033,"Wirtschaft","chf_usd","Wechselkurs Fr./US-Dollar","CH","CHF/USD","yahoo finance","täglich","ja","https://github.com/statistikZH/covid19monitoring_economy_SMI"
2020-04-21,1.033,"Wirtschaft","chf_usd","Wechselkurs Fr./US-Dollar","CH","CHF/USD","yahoo finance","täglich","ja","https://github.com/statistikZH/covid19monitoring_economy_SMI"
2020-04-22,1.031,"Wirtschaft","chf_usd","Wechselkurs Fr./US-Dollar","CH","CHF/USD","yahoo finance","täglich","ja","https://github.com/statistikZH/covid19monitoring_economy_SMI"
2020-04-23,1.028,"Wirtschaft","chf_usd","Wechselkurs Fr./US-Dollar","CH","CHF/USD","yahoo finance","täglich","ja","https://github.com/statistikZH/covid19monitoring_economy_SMI"
2020-04-24,1.024,"Wirtschaft","chf_usd","Wechselkurs Fr./US-Dollar","CH","CHF/USD","yahoo finance","täglich","ja","https://github.com/statistikZH/covid19monitoring_economy_SMI"
2020-04-27,1.027,"Wirtschaft","chf_usd","Wechselkurs Fr./US-Dollar","CH","CHF/USD","yahoo finance","täglich","ja","https://github.com/statistikZH/covid19monitoring_economy_SMI"
2020-04-28,1.025,"Wirtschaft","chf_usd","Wechselkurs Fr./US-Dollar","CH","CHF/USD","yahoo finance","täglich","ja","https://github.com/statistikZH/covid19monitoring_economy_SMI"
2020-04-29,1.027,"Wirtschaft","chf_usd","Wechselkurs Fr./US-Dollar","CH","CHF/USD","yahoo finance","täglich","ja","https://github.com/statistikZH/covid19monitoring_economy_SMI"
2020-04-30,1.027,"Wirtschaft","chf_usd","Wechselkurs Fr./US-Dollar","CH","CHF/USD","yahoo finance","täglich","ja","https://github.com/statistikZH/covid19monitoring_economy_SMI"
2020-05-01,1.035,"Wirtschaft","chf_usd","Wechselkurs Fr./US-Dollar","CH","CHF/USD","yahoo finance","täglich","ja","https://github.com/statistikZH/covid19monitoring_economy_SMI"
2020-05-04,1.039,"Wirtschaft","chf_usd","Wechselkurs Fr./US-Dollar","CH","CHF/USD","yahoo finance","täglich","ja","https://github.com/statistikZH/covid19monitoring_economy_SMI"
2020-05-05,1.036,"Wirtschaft","chf_usd","Wechselkurs Fr./US-Dollar","CH","CHF/USD","yahoo finance","täglich","ja","https://github.com/statistikZH/covid19monitoring_economy_SMI"
2020-05-06,1.028,"Wirtschaft","chf_usd","Wechselkurs Fr./US-Dollar","CH","CHF/USD","yahoo finance","täglich","ja","https://github.com/statistikZH/covid19monitoring_economy_SMI"
2020-05-07,1.025,"Wirtschaft","chf_usd","Wechselkurs Fr./US-Dollar","CH","CHF/USD","yahoo finance","täglich","ja","https://github.com/statistikZH/covid19monitoring_economy_SMI"
2020-05-08,1.028,"Wirtschaft","chf_usd","Wechselkurs Fr./US-Dollar","CH","CHF/USD","yahoo finance","täglich","ja","https://github.com/statistikZH/covid19monitoring_economy_SMI"
2020-05-11,1.03,"Wirtschaft","chf_usd","Wechselkurs Fr./US-Dollar","CH","CHF/USD","yahoo finance","täglich","ja","https://github.com/statistikZH/covid19monitoring_economy_SMI"
2020-05-12,1.028,"Wirtschaft","chf_usd","Wechselkurs Fr./US-Dollar","CH","CHF/USD","yahoo finance","täglich","ja","https://github.com/statistikZH/covid19monitoring_economy_SMI"
2020-01-03,55.9836,"Wirtschaft","smi_volumen","Handelsvolumen SMI","CH","Anzahl Transaktionen in Mio.","yahoo finance","täglich","ja","https://github.com/statistikZH/covid19monitoring_economy_SMI"
2020-01-06,51.7791,"Wirtschaft","smi_volumen","Handelsvolumen SMI","CH","Anzahl Transaktionen in Mio.","yahoo finance","täglich","ja","https://github.com/statistikZH/covid19monitoring_economy_SMI"
2020-01-07,65.9477,"Wirtschaft","smi_volumen","Handelsvolumen SMI","CH","Anzahl Transaktionen in Mio.","yahoo finance","täglich","ja","https://github.com/statistikZH/covid19monitoring_economy_SMI"
2020-01-08,59.6295,"Wirtschaft","smi_volumen","Handelsvolumen SMI","CH","Anzahl Transaktionen in Mio.","yahoo finance","täglich","ja","https://github.com/statistikZH/covid19monitoring_economy_SMI"
2020-01-09,53.9429,"Wirtschaft","smi_volumen","Handelsvolumen SMI","CH","Anzahl Transaktionen in Mio.","yahoo finance","täglich","ja","https://github.com/statistikZH/covid19monitoring_economy_SMI"
2020-01-10,50.6552,"Wirtschaft","smi_volumen","Handelsvolumen SMI","CH","Anzahl Transaktionen in Mio.","yahoo finance","täglich","ja","https://github.com/statistikZH/covid19monitoring_economy_SMI"
2020-01-13,48.6359,"Wirtschaft","smi_volumen","Handelsvolumen SMI","CH","Anzahl Transaktionen in Mio.","yahoo finance","täglich","ja","https://github.com/statistikZH/covid19monitoring_economy_SMI"
2020-01-14,64.2757,"Wirtschaft","smi_volumen","Handelsvolumen SMI","CH","Anzahl Transaktionen in Mio.","yahoo finance","täglich","ja","https://github.com/statistikZH/covid19monitoring_economy_SMI"
2020-01-15,59.8563,"Wirtschaft","smi_volumen","Handelsvolumen SMI","CH","Anzahl Transaktionen in Mio.","yahoo finance","täglich","ja","https://github.com/statistikZH/covid19monitoring_economy_SMI"
2020-01-16,48.6815,"Wirtschaft","smi_volumen","Handelsvolumen SMI","CH","Anzahl Transaktionen in Mio.","yahoo finance","täglich","ja","https://github.com/statistikZH/covid19monitoring_economy_SMI"
2020-01-17,71.4034,"Wirtschaft","smi_volumen","Handelsvolumen SMI","CH","Anzahl Transaktionen in Mio.","yahoo finance","täglich","ja","https://github.com/statistikZH/covid19monitoring_economy_SMI"
2020-01-20,44.7625,"Wirtschaft","smi_volumen","Handelsvolumen SMI","CH","Anzahl Transaktionen in Mio.","yahoo finance","täglich","ja","https://github.com/statistikZH/covid19monitoring_economy_SMI"
2020-01-21,87.4218,"Wirtschaft","smi_volumen","Handelsvolumen SMI","CH","Anzahl Transaktionen in Mio.","yahoo finance","täglich","ja","https://github.com/statistikZH/covid19monitoring_economy_SMI"
2020-01-22,67.1153,"Wirtschaft","smi_volumen","Handelsvolumen SMI","CH","Anzahl Transaktionen in Mio.","yahoo finance","täglich","ja","https://github.com/statistikZH/covid19monitoring_economy_SMI"
2020-01-23,62.6665,"Wirtschaft","smi_volumen","Handelsvolumen SMI","CH","Anzahl Transaktionen in Mio.","yahoo finance","täglich","ja","https://github.com/statistikZH/covid19monitoring_economy_SMI"
2020-01-24,56.1033,"Wirtschaft","smi_volumen","Handelsvolumen SMI","CH","Anzahl Transaktionen in Mio.","yahoo finance","täglich","ja","https://github.com/statistikZH/covid19monitoring_economy_SMI"
2020-01-27,70.8801,"Wirtschaft","smi_volumen","Handelsvolumen SMI","CH","Anzahl Transaktionen in Mio.","yahoo finance","täglich","ja","https://github.com/statistikZH/covid19monitoring_economy_SMI"
2020-01-28,61.4021,"Wirtschaft","smi_volumen","Handelsvolumen SMI","CH","Anzahl Transaktionen in Mio.","yahoo finance","täglich","ja","https://github.com/statistikZH/covid19monitoring_economy_SMI"
2020-01-29,54.3465,"Wirtschaft","smi_volumen","Handelsvolumen SMI","CH","Anzahl Transaktionen in Mio.","yahoo finance","täglich","ja","https://github.com/statistikZH/covid19monitoring_economy_SMI"
2020-01-30,65.6325,"Wirtschaft","smi_volumen","Handelsvolumen SMI","CH","Anzahl Transaktionen in Mio.","yahoo finance","täglich","ja","https://github.com/statistikZH/covid19monitoring_economy_SMI"
2020-01-31,70.815,"Wirtschaft","smi_volumen","Handelsvolumen SMI","CH","Anzahl Transaktionen in Mio.","yahoo finance","täglich","ja","https://github.com/statistikZH/covid19monitoring_economy_SMI"
2020-02-03,51.9767,"Wirtschaft","smi_volumen","Handelsvolumen SMI","CH","Anzahl Transaktionen in Mio.","yahoo finance","täglich","ja","https://github.com/statistikZH/covid19monitoring_economy_SMI"
2020-02-04,59.234,"Wirtschaft","smi_volumen","Handelsvolumen SMI","CH","Anzahl Transaktionen in Mio.","yahoo finance","täglich","ja","https://github.com/statistikZH/covid19monitoring_economy_SMI"
2020-02-05,84.3955,"Wirtschaft","smi_volumen","Handelsvolumen SMI","CH","Anzahl Transaktionen in Mio.","yahoo finance","täglich","ja","https://github.com/statistikZH/covid19monitoring_economy_SMI"
2020-02-06,62.98,"Wirtschaft","smi_volumen","Handelsvolumen SMI","CH","Anzahl Transaktionen in Mio.","yahoo finance","täglich","ja","https://github.com/statistikZH/covid19monitoring_economy_SMI"
2020-02-07,83.7403,"Wirtschaft","smi_volumen","Handelsvolumen SMI","CH","Anzahl Transaktionen in Mio.","yahoo finance","täglich","ja","https://github.com/statistikZH/covid19monitoring_economy_SMI"
2020-02-10,51.3272,"Wirtschaft","smi_volumen","Handelsvolumen SMI","CH","Anzahl Transaktionen in Mio.","yahoo finance","täglich","ja","https://github.com/statistikZH/covid19monitoring_economy_SMI"
2020-02-11,57.2635,"Wirtschaft","smi_volumen","Handelsvolumen SMI","CH","Anzahl Transaktionen in Mio.","yahoo finance","täglich","ja","https://github.com/statistikZH/covid19monitoring_economy_SMI"
2020-02-12,59.0345,"Wirtschaft","smi_volumen","Handelsvolumen SMI","CH","Anzahl Transaktionen in Mio.","yahoo finance","täglich","ja","https://github.com/statistikZH/covid19monitoring_economy_SMI"
2020-02-13,79.1691,"Wirtschaft","smi_volumen","Handelsvolumen SMI","CH","Anzahl Transaktionen in Mio.","yahoo finance","täglich","ja","https://github.com/statistikZH/covid19monitoring_economy_SMI"
2020-02-14,54.1598,"Wirtschaft","smi_volumen","Handelsvolumen SMI","CH","Anzahl Transaktionen in Mio.","yahoo finance","täglich","ja","https://github.com/statistikZH/covid19monitoring_economy_SMI"
2020-02-18,51.959,"Wirtschaft","smi_volumen","Handelsvolumen SMI","CH","Anzahl Transaktionen in Mio.","yahoo finance","täglich","ja","https://github.com/statistikZH/covid19monitoring_economy_SMI"
2020-02-19,58.0035,"Wirtschaft","smi_volumen","Handelsvolumen SMI","CH","Anzahl Transaktionen in Mio.","yahoo finance","täglich","ja","https://github.com/statistikZH/covid19monitoring_economy_SMI"
2020-02-20,93.0146,"Wirtschaft","smi_volumen","Handelsvolumen SMI","CH","Anzahl Transaktionen in Mio.","yahoo finance","täglich","ja","https://github.com/statistikZH/covid19monitoring_economy_SMI"
2020-02-21,106.2863,"Wirtschaft","smi_volumen","Handelsvolumen SMI","CH","Anzahl Transaktionen in Mio.","yahoo finance","täglich","ja","https://github.com/statistikZH/covid19monitoring_economy_SMI"
2020-02-24,126.8356,"Wirtschaft","smi_volumen","Handelsvolumen SMI","CH","Anzahl Transaktionen in Mio.","yahoo finance","täglich","ja","https://github.com/statistikZH/covid19monitoring_economy_SMI"
2020-02-25,102.515,"Wirtschaft","smi_volumen","Handelsvolumen SMI","CH","Anzahl Transaktionen in Mio.","yahoo finance","täglich","ja","https://github.com/statistikZH/covid19monitoring_economy_SMI"
2020-02-26,114.156,"Wirtschaft","smi_volumen","Handelsvolumen SMI","CH","Anzahl Transaktionen in Mio.","yahoo finance","täglich","ja","https://github.com/statistikZH/covid19monitoring_economy_SMI"
2020-02-27,144.7432,"Wirtschaft","smi_volumen","Handelsvolumen SMI","CH","Anzahl Transaktionen in Mio.","yahoo finance","täglich","ja","https://github.com/statistikZH/covid19monitoring_economy_SMI"
2020-02-28,183.6004,"Wirtschaft","smi_volumen","Handelsvolumen SMI","CH","Anzahl Transaktionen in Mio.","yahoo finance","täglich","ja","https://github.com/statistikZH/covid19monitoring_economy_SMI"
2020-03-02,155.0907,"Wirtschaft","smi_volumen","Handelsvolumen SMI","CH","Anzahl Transaktionen in Mio.","yahoo finance","täglich","ja","https://github.com/statistikZH/covid19monitoring_economy_SMI"
2020-03-03,139.0531,"Wirtschaft","smi_volumen","Handelsvolumen SMI","CH","Anzahl Transaktionen in Mio.","yahoo finance","täglich","ja","https://github.com/statistikZH/covid19monitoring_economy_SMI"
2020-03-04,103.4711,"Wirtschaft","smi_volumen","Handelsvolumen SMI","CH","Anzahl Transaktionen in Mio.","yahoo finance","täglich","ja","https://github.com/statistikZH/covid19monitoring_economy_SMI"
2020-03-05,106.754,"Wirtschaft","smi_volumen","Handelsvolumen SMI","CH","Anzahl Transaktionen in Mio.","yahoo finance","täglich","ja","https://github.com/statistikZH/covid19monitoring_economy_SMI"
2020-03-06,142.8066,"Wirtschaft","smi_volumen","Handelsvolumen SMI","CH","Anzahl Transaktionen in Mio.","yahoo finance","täglich","ja","https://github.com/statistikZH/covid19monitoring_economy_SMI"
2020-03-09,223.1933,"Wirtschaft","smi_volumen","Handelsvolumen SMI","CH","Anzahl Transaktionen in Mio.","yahoo finance","täglich","ja","https://github.com/statistikZH/covid19monitoring_economy_SMI"
2020-03-10,194.117,"Wirtschaft","smi_volumen","Handelsvolumen SMI","CH","Anzahl Transaktionen in Mio.","yahoo finance","täglich","ja","https://github.com/statistikZH/covid19monitoring_economy_SMI"
2020-03-11,146.2537,"Wirtschaft","smi_volumen","Handelsvolumen SMI","CH","Anzahl Transaktionen in Mio.","yahoo finance","täglich","ja","https://github.com/statistikZH/covid19monitoring_economy_SMI"
2020-03-12,265.7377,"Wirtschaft","smi_volumen","Handelsvolumen SMI","CH","Anzahl Transaktionen in Mio.","yahoo finance","täglich","ja","https://github.com/statistikZH/covid19monitoring_economy_SMI"
2020-03-13,231.7118,"Wirtschaft","smi_volumen","Handelsvolumen SMI","CH","Anzahl Transaktionen in Mio.","yahoo finance","täglich","ja","https://github.com/statistikZH/covid19monitoring_economy_SMI"
2020-03-16,203.9594,"Wirtschaft","smi_volumen","Handelsvolumen SMI","CH","Anzahl Transaktionen in Mio.","yahoo finance","täglich","ja","https://github.com/statistikZH/covid19monitoring_economy_SMI"
2020-03-17,154.1969,"Wirtschaft","smi_volumen","Handelsvolumen SMI","CH","Anzahl Transaktionen in Mio.","yahoo finance","täglich","ja","https://github.com/statistikZH/covid19monitoring_economy_SMI"
2020-03-18,211.1204,"Wirtschaft","smi_volumen","Handelsvolumen SMI","CH","Anzahl Transaktionen in Mio.","yahoo finance","täglich","ja","https://github.com/statistikZH/covid19monitoring_economy_SMI"
2020-03-19,187.6552,"Wirtschaft","smi_volumen","Handelsvolumen SMI","CH","Anzahl Transaktionen in Mio.","yahoo finance","täglich","ja","https://github.com/statistikZH/covid19monitoring_economy_SMI"
2020-03-20,255.2637,"Wirtschaft","smi_volumen","Handelsvolumen SMI","CH","Anzahl Transaktionen in Mio.","yahoo finance","täglich","ja","https://github.com/statistikZH/covid19monitoring_economy_SMI"
2020-03-23,150.0964,"Wirtschaft","smi_volumen","Handelsvolumen SMI","CH","Anzahl Transaktionen in Mio.","yahoo finance","täglich","ja","https://github.com/statistikZH/covid19monitoring_economy_SMI"
2020-03-24,140.992,"Wirtschaft","smi_volumen","Handelsvolumen SMI","CH","Anzahl Transaktionen in Mio.","yahoo finance","täglich","ja","https://github.com/statistikZH/covid19monitoring_economy_SMI"
2020-03-25,148.6167,"Wirtschaft","smi_volumen","Handelsvolumen SMI","CH","Anzahl Transaktionen in Mio.","yahoo finance","täglich","ja","https://github.com/statistikZH/covid19monitoring_economy_SMI"
2020-03-26,125.6261,"Wirtschaft","smi_volumen","Handelsvolumen SMI","CH","Anzahl Transaktionen in Mio.","yahoo finance","täglich","ja","https://github.com/statistikZH/covid19monitoring_economy_SMI"
2020-03-27,110.2968,"Wirtschaft","smi_volumen","Handelsvolumen SMI","CH","Anzahl Transaktionen in Mio.","yahoo finance","täglich","ja","https://github.com/statistikZH/covid19monitoring_economy_SMI"
2020-03-30,94.7109,"Wirtschaft","smi_volumen","Handelsvolumen SMI","CH","Anzahl Transaktionen in Mio.","yahoo finance","täglich","ja","https://github.com/statistikZH/covid19monitoring_economy_SMI"
2020-03-31,107.2862,"Wirtschaft","smi_volumen","Handelsvolumen SMI","CH","Anzahl Transaktionen in Mio.","yahoo finance","täglich","ja","https://github.com/statistikZH/covid19monitoring_economy_SMI"
2020-04-01,88.8948,"Wirtschaft","smi_volumen","Handelsvolumen SMI","CH","Anzahl Transaktionen in Mio.","yahoo finance","täglich","ja","https://github.com/statistikZH/covid19monitoring_economy_SMI"
2020-04-02,83.439,"Wirtschaft","smi_volumen","Handelsvolumen SMI","CH","Anzahl Transaktionen in Mio.","yahoo finance","täglich","ja","https://github.com/statistikZH/covid19monitoring_economy_SMI"
2020-04-03,70.4206,"Wirtschaft","smi_volumen","Handelsvolumen SMI","CH","Anzahl Transaktionen in Mio.","yahoo finance","täglich","ja","https://github.com/statistikZH/covid19monitoring_economy_SMI"
2020-04-06,81.8748,"Wirtschaft","smi_volumen","Handelsvolumen SMI","CH","Anzahl Transaktionen in Mio.","yahoo finance","täglich","ja","https://github.com/statistikZH/covid19monitoring_economy_SMI"
2020-04-07,98.1197,"Wirtschaft","smi_volumen","Handelsvolumen SMI","CH","Anzahl Transaktionen in Mio.","yahoo finance","täglich","ja","https://github.com/statistikZH/covid19monitoring_economy_SMI"
2020-04-08,70.1888,"Wirtschaft","smi_volumen","Handelsvolumen SMI","CH","Anzahl Transaktionen in Mio.","yahoo finance","täglich","ja","https://github.com/statistikZH/covid19monitoring_economy_SMI"
2020-04-09,96.8806,"Wirtschaft","smi_volumen","Handelsvolumen SMI","CH","Anzahl Transaktionen in Mio.","yahoo finance","täglich","ja","https://github.com/statistikZH/covid19monitoring_economy_SMI"
2020-04-14,78.2638,"Wirtschaft","smi_volumen","Handelsvolumen SMI","CH","Anzahl Transaktionen in Mio.","yahoo finance","täglich","ja","https://github.com/statistikZH/covid19monitoring_economy_SMI"
2020-04-15,82.8254,"Wirtschaft","smi_volumen","Handelsvolumen SMI","CH","Anzahl Transaktionen in Mio.","yahoo finance","täglich","ja","https://github.com/statistikZH/covid19monitoring_economy_SMI"
2020-04-16,89.5722,"Wirtschaft","smi_volumen","Handelsvolumen SMI","CH","Anzahl Transaktionen in Mio.","yahoo finance","täglich","ja","https://github.com/statistikZH/covid19monitoring_economy_SMI"
2020-04-17,116.1408,"Wirtschaft","smi_volumen","Handelsvolumen SMI","CH","Anzahl Transaktionen in Mio.","yahoo finance","täglich","ja","https://github.com/statistikZH/covid19monitoring_economy_SMI"
2020-04-20,67.2522,"Wirtschaft","smi_volumen","Handelsvolumen SMI","CH","Anzahl Transaktionen in Mio.","yahoo finance","täglich","ja","https://github.com/statistikZH/covid19monitoring_economy_SMI"
2020-04-21,73.1502,"Wirtschaft","smi_volumen","Handelsvolumen SMI","CH","Anzahl Transaktionen in Mio.","yahoo finance","täglich","ja","https://github.com/statistikZH/covid19monitoring_economy_SMI"
2020-04-22,62.8981,"Wirtschaft","smi_volumen","Handelsvolumen SMI","CH","Anzahl Transaktionen in Mio.","yahoo finance","täglich","ja","https://github.com/statistikZH/covid19monitoring_economy_SMI"
2020-04-23,75.2784,"Wirtschaft","smi_volumen","Handelsvolumen SMI","CH","Anzahl Transaktionen in Mio.","yahoo finance","täglich","ja","https://github.com/statistikZH/covid19monitoring_economy_SMI"
2020-04-24,69.7407,"Wirtschaft","smi_volumen","Handelsvolumen SMI","CH","Anzahl Transaktionen in Mio.","yahoo finance","täglich","ja","https://github.com/statistikZH/covid19monitoring_economy_SMI"
2020-04-27,77.38,"Wirtschaft","smi_volumen","Handelsvolumen SMI","CH","Anzahl Transaktionen in Mio.","yahoo finance","täglich","ja","https://github.com/statistikZH/covid19monitoring_economy_SMI"
2020-04-28,117.9843,"Wirtschaft","smi_volumen","Handelsvolumen SMI","CH","Anzahl Transaktionen in Mio.","yahoo finance","täglich","ja","https://github.com/statistikZH/covid19monitoring_economy_SMI"
2020-04-29,106.5564,"Wirtschaft","smi_volumen","Handelsvolumen SMI","CH","Anzahl Transaktionen in Mio.","yahoo finance","täglich","ja","https://github.com/statistikZH/covid19monitoring_economy_SMI"
2020-04-30,113.0421,"Wirtschaft","smi_volumen","Handelsvolumen SMI","CH","Anzahl Transaktionen in Mio.","yahoo finance","täglich","ja","https://github.com/statistikZH/covid19monitoring_economy_SMI"
2020-05-04,104.0226,"Wirtschaft","smi_volumen","Handelsvolumen SMI","CH","Anzahl Transaktionen in Mio.","yahoo finance","täglich","ja","https://github.com/statistikZH/covid19monitoring_economy_SMI"
2020-05-05,79.3609,"Wirtschaft","smi_volumen","Handelsvolumen SMI","CH","Anzahl Transaktionen in Mio.","yahoo finance","täglich","ja","https://github.com/statistikZH/covid19monitoring_economy_SMI"
2020-05-06,68.7677,"Wirtschaft","smi_volumen","Handelsvolumen SMI","CH","Anzahl Transaktionen in Mio.","yahoo finance","täglich","ja","https://github.com/statistikZH/covid19monitoring_economy_SMI"
2020-05-07,65.7809,"Wirtschaft","smi_volumen","Handelsvolumen SMI","CH","Anzahl Transaktionen in Mio.","yahoo finance","täglich","ja","https://github.com/statistikZH/covid19monitoring_economy_SMI"
2020-05-11,55.0803,"Wirtschaft","smi_volumen","Handelsvolumen SMI","CH","Anzahl Transaktionen in Mio.","yahoo finance","täglich","ja","https://github.com/statistikZH/covid19monitoring_economy_SMI"
2020-01-02,61.18,"Wirtschaft","oil_fut_ny","Ölpreis","NY, US","USD","yahoo finance","täglich","ja","https://github.com/statistikZH/covid19monitoring_economy_SMI"
2020-01-03,63.05,"Wirtschaft","oil_fut_ny","Ölpreis","NY, US","USD","yahoo finance","täglich","ja","https://github.com/statistikZH/covid19monitoring_economy_SMI"
2020-01-06,63.27,"Wirtschaft","oil_fut_ny","Ölpreis","NY, US","USD","yahoo finance","täglich","ja","https://github.com/statistikZH/covid19monitoring_economy_SMI"
2020-01-07,62.7,"Wirtschaft","oil_fut_ny","Ölpreis","NY, US","USD","yahoo finance","täglich","ja","https://github.com/statistikZH/covid19monitoring_economy_SMI"
2020-01-08,59.61,"Wirtschaft","oil_fut_ny","Ölpreis","NY, US","USD","yahoo finance","täglich","ja","https://github.com/statistikZH/covid19monitoring_economy_SMI"
2020-01-09,59.56,"Wirtschaft","oil_fut_ny","Ölpreis","NY, US","USD","yahoo finance","täglich","ja","https://github.com/statistikZH/covid19monitoring_economy_SMI"
2020-01-10,59.04,"Wirtschaft","oil_fut_ny","Ölpreis","NY, US","USD","yahoo finance","täglich","ja","https://github.com/statistikZH/covid19monitoring_economy_SMI"
2020-01-13,58.08,"Wirtschaft","oil_fut_ny","Ölpreis","NY, US","USD","yahoo finance","täglich","ja","https://github.com/statistikZH/covid19monitoring_economy_SMI"
2020-01-14,58.23,"Wirtschaft","oil_fut_ny","Ölpreis","NY, US","USD","yahoo finance","täglich","ja","https://github.com/statistikZH/covid19monitoring_economy_SMI"
2020-01-15,57.81,"Wirtschaft","oil_fut_ny","Ölpreis","NY, US","USD","yahoo finance","täglich","ja","https://github.com/statistikZH/covid19monitoring_economy_SMI"
2020-01-16,58.52,"Wirtschaft","oil_fut_ny","Ölpreis","NY, US","USD","yahoo finance","täglich","ja","https://github.com/statistikZH/covid19monitoring_economy_SMI"
2020-01-17,58.54,"Wirtschaft","oil_fut_ny","Ölpreis","NY, US","USD","yahoo finance","täglich","ja","https://github.com/statistikZH/covid19monitoring_economy_SMI"
2020-01-21,58.34,"Wirtschaft","oil_fut_ny","Ölpreis","NY, US","USD","yahoo finance","täglich","ja","https://github.com/statistikZH/covid19monitoring_economy_SMI"
2020-01-22,56.74,"Wirtschaft","oil_fut_ny","Ölpreis","NY, US","USD","yahoo finance","täglich","ja","https://github.com/statistikZH/covid19monitoring_economy_SMI"
2020-01-23,55.59,"Wirtschaft","oil_fut_ny","Ölpreis","NY, US","USD","yahoo finance","täglich","ja","https://github.com/statistikZH/covid19monitoring_economy_SMI"
2020-01-24,54.19,"Wirtschaft","oil_fut_ny","Ölpreis","NY, US","USD","yahoo finance","täglich","ja","https://github.com/statistikZH/covid19monitoring_economy_SMI"
2020-01-26,52.64,"Wirtschaft","oil_fut_ny","Ölpreis","NY, US","USD","yahoo finance","täglich","ja","https://github.com/statistikZH/covid19monitoring_economy_SMI"
2020-01-27,53.14,"Wirtschaft","oil_fut_ny","Ölpreis","NY, US","USD","yahoo finance","täglich","ja","https://github.com/statistikZH/covid19monitoring_economy_SMI"
2020-01-28,53.48,"Wirtschaft","oil_fut_ny","Ölpreis","NY, US","USD","yahoo finance","täglich","ja","https://github.com/statistikZH/covid19monitoring_economy_SMI"
2020-01-29,53.33,"Wirtschaft","oil_fut_ny","Ölpreis","NY, US","USD","yahoo finance","täglich","ja","https://github.com/statistikZH/covid19monitoring_economy_SMI"
2020-01-30,52.14,"Wirtschaft","oil_fut_ny","Ölpreis","NY, US","USD","yahoo finance","täglich","ja","https://github.com/statistikZH/covid19monitoring_economy_SMI"
2020-01-31,51.56,"Wirtschaft","oil_fut_ny","Ölpreis","NY, US","USD","yahoo finance","täglich","ja","https://github.com/statistikZH/covid19monitoring_economy_SMI"
2020-02-02,51.01,"Wirtschaft","oil_fut_ny","Ölpreis","NY, US","USD","yahoo finance","täglich","ja","https://github.com/statistikZH/covid19monitoring_economy_SMI"
2020-02-03,50.11,"Wirtschaft","oil_fut_ny","Ölpreis","NY, US","USD","yahoo finance","täglich","ja","https://github.com/statistikZH/covid19monitoring_economy_SMI"
2020-02-04,49.61,"Wirtschaft","oil_fut_ny","Ölpreis","NY, US","USD","yahoo finance","täglich","ja","https://github.com/statistikZH/covid19monitoring_economy_SMI"
2020-02-05,50.75,"Wirtschaft","oil_fut_ny","Ölpreis","NY, US","USD","yahoo finance","täglich","ja","https://github.com/statistikZH/covid19monitoring_economy_SMI"
2020-02-06,50.95,"Wirtschaft","oil_fut_ny","Ölpreis","NY, US","USD","yahoo finance","täglich","ja","https://github.com/statistikZH/covid19monitoring_economy_SMI"
2020-02-07,50.32,"Wirtschaft","oil_fut_ny","Ölpreis","NY, US","USD","yahoo finance","täglich","ja","https://github.com/statistikZH/covid19monitoring_economy_SMI"
2020-02-09,49.76,"Wirtschaft","oil_fut_ny","Ölpreis","NY, US","USD","yahoo finance","täglich","ja","https://github.com/statistikZH/covid19monitoring_economy_SMI"
2020-02-10,49.57,"Wirtschaft","oil_fut_ny","Ölpreis","NY, US","USD","yahoo finance","täglich","ja","https://github.com/statistikZH/covid19monitoring_economy_SMI"
2020-02-11,49.94,"Wirtschaft","oil_fut_ny","Ölpreis","NY, US","USD","yahoo finance","täglich","ja","https://github.com/statistikZH/covid19monitoring_economy_SMI"
2020-02-12,51.17,"Wirtschaft","oil_fut_ny","Ölpreis","NY, US","USD","yahoo finance","täglich","ja","https://github.com/statistikZH/covid19monitoring_economy_SMI"
2020-02-13,51.42,"Wirtschaft","oil_fut_ny","Ölpreis","NY, US","USD","yahoo finance","täglich","ja","https://github.com/statistikZH/covid19monitoring_economy_SMI"
2020-02-14,52.05,"Wirtschaft","oil_fut_ny","Ölpreis","NY, US","USD","yahoo finance","täglich","ja","https://github.com/statistikZH/covid19monitoring_economy_SMI"
2020-02-16,52.18,"Wirtschaft","oil_fut_ny","Ölpreis","NY, US","USD","yahoo finance","täglich","ja","https://github.com/statistikZH/covid19monitoring_economy_SMI"
2020-02-18,52.05,"Wirtschaft","oil_fut_ny","Ölpreis","NY, US","USD","yahoo finance","täglich","ja","https://github.com/statistikZH/covid19monitoring_economy_SMI"
2020-02-19,53.29,"Wirtschaft","oil_fut_ny","Ölpreis","NY, US","USD","yahoo finance","täglich","ja","https://github.com/statistikZH/covid19monitoring_economy_SMI"
2020-02-20,53.78,"Wirtschaft","oil_fut_ny","Ölpreis","NY, US","USD","yahoo finance","täglich","ja","https://github.com/statistikZH/covid19monitoring_economy_SMI"
2020-02-21,53.38,"Wirtschaft","oil_fut_ny","Ölpreis","NY, US","USD","yahoo finance","täglich","ja","https://github.com/statistikZH/covid19monitoring_economy_SMI"
2020-02-23,52.08,"Wirtschaft","oil_fut_ny","Ölpreis","NY, US","USD","yahoo finance","täglich","ja","https://github.com/statistikZH/covid19monitoring_economy_SMI"
2020-02-24,51.43,"Wirtschaft","oil_fut_ny","Ölpreis","NY, US","USD","yahoo finance","täglich","ja","https://github.com/statistikZH/covid19monitoring_economy_SMI"
2020-02-25,49.9,"Wirtschaft","oil_fut_ny","Ölpreis","NY, US","USD","yahoo finance","täglich","ja","https://github.com/statistikZH/covid19monitoring_economy_SMI"
2020-02-26,48.73,"Wirtschaft","oil_fut_ny","Ölpreis","NY, US","USD","yahoo finance","täglich","ja","https://github.com/statistikZH/covid19monitoring_economy_SMI"
2020-02-27,46.81,"Wirtschaft","oil_fut_ny","Ölpreis","NY, US","USD","yahoo finance","täglich","ja","https://github.com/statistikZH/covid19monitoring_economy_SMI"
2020-02-28,47.09,"Wirtschaft","oil_fut_ny","Ölpreis","NY, US","USD","yahoo finance","täglich","ja","https://github.com/statistikZH/covid19monitoring_economy_SMI"
2020-03-01,44.57,"Wirtschaft","oil_fut_ny","Ölpreis","NY, US","USD","yahoo finance","täglich","ja","https://github.com/statistikZH/covid19monitoring_economy_SMI"
2020-03-02,44.76,"Wirtschaft","oil_fut_ny","Ölpreis","NY, US","USD","yahoo finance","täglich","ja","https://github.com/statistikZH/covid19monitoring_economy_SMI"
2020-03-03,46.75,"Wirtschaft","oil_fut_ny","Ölpreis","NY, US","USD","yahoo finance","täglich","ja","https://github.com/statistikZH/covid19monitoring_economy_SMI"
2020-03-04,47.18,"Wirtschaft","oil_fut_ny","Ölpreis","NY, US","USD","yahoo finance","täglich","ja","https://github.com/statistikZH/covid19monitoring_economy_SMI"
2020-03-05,46.78,"Wirtschaft","oil_fut_ny","Ölpreis","NY, US","USD","yahoo finance","täglich","ja","https://github.com/statistikZH/covid19monitoring_economy_SMI"
2020-03-06,45.9,"Wirtschaft","oil_fut_ny","Ölpreis","NY, US","USD","yahoo finance","täglich","ja","https://github.com/statistikZH/covid19monitoring_economy_SMI"
2020-03-08,32.54,"Wirtschaft","oil_fut_ny","Ölpreis","NY, US","USD","yahoo finance","täglich","ja","https://github.com/statistikZH/covid19monitoring_economy_SMI"
2020-03-09,41.28,"Wirtschaft","oil_fut_ny","Ölpreis","NY, US","USD","yahoo finance","täglich","ja","https://github.com/statistikZH/covid19monitoring_economy_SMI"
2020-03-10,31.13,"Wirtschaft","oil_fut_ny","Ölpreis","NY, US","USD","yahoo finance","täglich","ja","https://github.com/statistikZH/covid19monitoring_economy_SMI"
2020-03-11,34.36,"Wirtschaft","oil_fut_ny","Ölpreis","NY, US","USD","yahoo finance","täglich","ja","https://github.com/statistikZH/covid19monitoring_economy_SMI"
2020-03-12,32.98,"Wirtschaft","oil_fut_ny","Ölpreis","NY, US","USD","yahoo finance","täglich","ja","https://github.com/statistikZH/covid19monitoring_economy_SMI"
2020-03-13,32.93,"Wirtschaft","oil_fut_ny","Ölpreis","NY, US","USD","yahoo finance","täglich","ja","https://github.com/statistikZH/covid19monitoring_economy_SMI"
2020-03-15,30.41,"Wirtschaft","oil_fut_ny","Ölpreis","NY, US","USD","yahoo finance","täglich","ja","https://github.com/statistikZH/covid19monitoring_economy_SMI"
2020-03-16,31.73,"Wirtschaft","oil_fut_ny","Ölpreis","NY, US","USD","yahoo finance","täglich","ja","https://github.com/statistikZH/covid19monitoring_economy_SMI"
2020-03-17,28.7,"Wirtschaft","oil_fut_ny","Ölpreis","NY, US","USD","yahoo finance","täglich","ja","https://github.com/statistikZH/covid19monitoring_economy_SMI"
2020-03-18,27.33,"Wirtschaft","oil_fut_ny","Ölpreis","NY, US","USD","yahoo finance","täglich","ja","https://github.com/statistikZH/covid19monitoring_economy_SMI"
2020-03-19,20.83,"Wirtschaft","oil_fut_ny","Ölpreis","NY, US","USD","yahoo finance","täglich","ja","https://github.com/statistikZH/covid19monitoring_economy_SMI"
2020-03-20,25.91,"Wirtschaft","oil_fut_ny","Ölpreis","NY, US","USD","yahoo finance","täglich","ja","https://github.com/statistikZH/covid19monitoring_economy_SMI"
2020-03-22,21.54,"Wirtschaft","oil_fut_ny","Ölpreis","NY, US","USD","yahoo finance","täglich","ja","https://github.com/statistikZH/covid19monitoring_economy_SMI"
2020-03-23,24.45,"Wirtschaft","oil_fut_ny","Ölpreis","NY, US","USD","yahoo finance","täglich","ja","https://github.com/statistikZH/covid19monitoring_economy_SMI"
2020-03-24,24.55,"Wirtschaft","oil_fut_ny","Ölpreis","NY, US","USD","yahoo finance","täglich","ja","https://github.com/statistikZH/covid19monitoring_economy_SMI"
2020-03-25,24.31,"Wirtschaft","oil_fut_ny","Ölpreis","NY, US","USD","yahoo finance","täglich","ja","https://github.com/statistikZH/covid19monitoring_economy_SMI"
2020-03-26,23.05,"Wirtschaft","oil_fut_ny","Ölpreis","NY, US","USD","yahoo finance","täglich","ja","https://github.com/statistikZH/covid19monitoring_economy_SMI"
2020-03-27,21.84,"Wirtschaft","oil_fut_ny","Ölpreis","NY, US","USD","yahoo finance","täglich","ja","https://github.com/statistikZH/covid19monitoring_economy_SMI"
2020-03-29,20.28,"Wirtschaft","oil_fut_ny","Ölpreis","NY, US","USD","yahoo finance","täglich","ja","https://github.com/statistikZH/covid19monitoring_economy_SMI"
2020-03-30,20.48,"Wirtschaft","oil_fut_ny","Ölpreis","NY, US","USD","yahoo finance","täglich","ja","https://github.com/statistikZH/covid19monitoring_economy_SMI"
2020-03-31,20.28,"Wirtschaft","oil_fut_ny","Ölpreis","NY, US","USD","yahoo finance","täglich","ja","https://github.com/statistikZH/covid19monitoring_economy_SMI"
2020-04-01,21.19,"Wirtschaft","oil_fut_ny","Ölpreis","NY, US","USD","yahoo finance","täglich","ja","https://github.com/statistikZH/covid19monitoring_economy_SMI"
2020-04-02,24.77,"Wirtschaft","oil_fut_ny","Ölpreis","NY, US","USD","yahoo finance","täglich","ja","https://github.com/statistikZH/covid19monitoring_economy_SMI"
2020-04-03,29,"Wirtschaft","oil_fut_ny","Ölpreis","NY, US","USD","yahoo finance","täglich","ja","https://github.com/statistikZH/covid19monitoring_economy_SMI"
2020-04-06,26.83,"Wirtschaft","oil_fut_ny","Ölpreis","NY, US","USD","yahoo finance","täglich","ja","https://github.com/statistikZH/covid19monitoring_economy_SMI"
2020-04-07,26.08,"Wirtschaft","oil_fut_ny","Ölpreis","NY, US","USD","yahoo finance","täglich","ja","https://github.com/statistikZH/covid19monitoring_economy_SMI"
2020-04-08,26.41,"Wirtschaft","oil_fut_ny","Ölpreis","NY, US","USD","yahoo finance","täglich","ja","https://github.com/statistikZH/covid19monitoring_economy_SMI"
2020-04-09,23.19,"Wirtschaft","oil_fut_ny","Ölpreis","NY, US","USD","yahoo finance","täglich","ja","https://github.com/statistikZH/covid19monitoring_economy_SMI"
2020-04-12,23.19,"Wirtschaft","oil_fut_ny","Ölpreis","NY, US","USD","yahoo finance","täglich","ja","https://github.com/statistikZH/covid19monitoring_economy_SMI"
2020-04-13,22.92,"Wirtschaft","oil_fut_ny","Ölpreis","NY, US","USD","yahoo finance","täglich","ja","https://github.com/statistikZH/covid19monitoring_economy_SMI"
2020-04-14,20.86,"Wirtschaft","oil_fut_ny","Ölpreis","NY, US","USD","yahoo finance","täglich","ja","https://github.com/statistikZH/covid19monitoring_economy_SMI"
2020-04-15,20.29,"Wirtschaft","oil_fut_ny","Ölpreis","NY, US","USD","yahoo finance","täglich","ja","https://github.com/statistikZH/covid19monitoring_economy_SMI"
2020-04-16,19.9,"Wirtschaft","oil_fut_ny","Ölpreis","NY, US","USD","yahoo finance","täglich","ja","https://github.com/statistikZH/covid19monitoring_economy_SMI"
2020-04-17,18.12,"Wirtschaft","oil_fut_ny","Ölpreis","NY, US","USD","yahoo finance","täglich","ja","https://github.com/statistikZH/covid19monitoring_economy_SMI"
2020-04-19,17.04,"Wirtschaft","oil_fut_ny","Ölpreis","NY, US","USD","yahoo finance","täglich","ja","https://github.com/statistikZH/covid19monitoring_economy_SMI"
2020-04-20,-2.72,"Wirtschaft","oil_fut_ny","Ölpreis","NY, US","USD","yahoo finance","täglich","ja","https://github.com/statistikZH/covid19monitoring_economy_SMI"
2020-04-21,9.06,"Wirtschaft","oil_fut_ny","Ölpreis","NY, US","USD","yahoo finance","täglich","ja","https://github.com/statistikZH/covid19monitoring_economy_SMI"
2020-04-22,11.57,"Wirtschaft","oil_fut_ny","Ölpreis","NY, US","USD","yahoo finance","täglich","ja","https://github.com/statistikZH/covid19monitoring_economy_SMI"
2020-04-23,17.17,"Wirtschaft","oil_fut_ny","Ölpreis","NY, US","USD","yahoo finance","täglich","ja","https://github.com/statistikZH/covid19monitoring_economy_SMI"
2020-04-24,17.18,"Wirtschaft","oil_fut_ny","Ölpreis","NY, US","USD","yahoo finance","täglich","ja","https://github.com/statistikZH/covid19monitoring_economy_SMI"
2020-04-26,16.67,"Wirtschaft","oil_fut_ny","Ölpreis","NY, US","USD","yahoo finance","täglich","ja","https://github.com/statistikZH/covid19monitoring_economy_SMI"
2020-04-27,12.34,"Wirtschaft","oil_fut_ny","Ölpreis","NY, US","USD","yahoo finance","täglich","ja","https://github.com/statistikZH/covid19monitoring_economy_SMI"
2020-04-28,13.4,"Wirtschaft","oil_fut_ny","Ölpreis","NY, US","USD","yahoo finance","täglich","ja","https://github.com/statistikZH/covid19monitoring_economy_SMI"
2020-04-29,12.34,"Wirtschaft","oil_fut_ny","Ölpreis","NY, US","USD","yahoo finance","täglich","ja","https://github.com/statistikZH/covid19monitoring_economy_SMI"
2020-04-30,15.06,"Wirtschaft","oil_fut_ny","Ölpreis","NY, US","USD","yahoo finance","täglich","ja","https://github.com/statistikZH/covid19monitoring_economy_SMI"
2020-05-01,18.84,"Wirtschaft","oil_fut_ny","Ölpreis","NY, US","USD","yahoo finance","täglich","ja","https://github.com/statistikZH/covid19monitoring_economy_SMI"
2020-05-03,18.61,"Wirtschaft","oil_fut_ny","Ölpreis","NY, US","USD","yahoo finance","täglich","ja","https://github.com/statistikZH/covid19monitoring_economy_SMI"
2020-05-04,19.78,"Wirtschaft","oil_fut_ny","Ölpreis","NY, US","USD","yahoo finance","täglich","ja","https://github.com/statistikZH/covid19monitoring_economy_SMI"
2020-05-05,25.79,"Wirtschaft","oil_fut_ny","Ölpreis","NY, US","USD","yahoo finance","täglich","ja","https://github.com/statistikZH/covid19monitoring_economy_SMI"
2020-05-06,23.78,"Wirtschaft","oil_fut_ny","Ölpreis","NY, US","USD","yahoo finance","täglich","ja","https://github.com/statistikZH/covid19monitoring_economy_SMI"
2020-05-07,23.59,"Wirtschaft","oil_fut_ny","Ölpreis","NY, US","USD","yahoo finance","täglich","ja","https://github.com/statistikZH/covid19monitoring_economy_SMI"
2020-05-08,24.63,"Wirtschaft","oil_fut_ny","Ölpreis","NY, US","USD","yahoo finance","täglich","ja","https://github.com/statistikZH/covid19monitoring_economy_SMI"
2020-05-10,24.66,"Wirtschaft","oil_fut_ny","Ölpreis","NY, US","USD","yahoo finance","täglich","ja","https://github.com/statistikZH/covid19monitoring_economy_SMI"
2020-05-11,24.51,"Wirtschaft","oil_fut_ny","Ölpreis","NY, US","USD","yahoo finance","täglich","ja","https://github.com/statistikZH/covid19monitoring_economy_SMI"
